Ma_BDS,Dia_chi,Tong_gia (trieu),Tien_m2 (trieu/m2),Loại hình,Địa chỉ chi tiết,Hướng ban công,Số phòng ngủ,Số phòng tắm,Diện tích tim tường,Diện tích sử dụng,Nội thất,Tên dự án / tòa nhà,Tình trạng sử dụng
W22Y9R,"10 Võ Chí Công, P.Phước Long B, TP.Thủ Đức, TP.HCM",4500000.0,90.0,Căn hộ chung cư,A10-21-09,Tây Bắc,1.0,1.0,50m²,45m²,Cơ bản,Imperia Sensa,Nhà trống
7DTU5A,"đường Phước Thiện, Long Bình, Q.9, TP.HCM",3500000.0,52.63,Căn hộ chung cư,"Căn hộ 2.19, Tầng 2, Tòa nhà S7.02",,2.0,3.0,66.50m²,,,"Phân khu The Origami, Khu đô thị Vinhomes Grand Park",
6QZNQ8,"326/1 Đường Ung Văn Khiêm, P.25, Q.Bình Thạnh, TP.HCM",5400000.0,72.19,Căn hộ chung cư,12.1 - 13,,2.0,1.0,74.80m²,,,Chung cư Thế Kỷ 21,Nhà trống
UKMA4S,"137 Gò Dầu, P.Tân Quý, Q.Tân Phú, TP.HCM",2450000.0,30.62,Căn hộ chung cư,,,2.0,2.0,,,Cơ bản,,
JPC7G0,"Chung cư Hoàng Anh Gold Place, đường Lê Văn Lương, Xã Phước Kiển, H.Nhà Bè, TP.HCM",4099999.9999999995,36.93,Căn hộ chung cư,"Căn hộ số 3.1 tầng 3, Khu A2",,3.0,2.0,111m²,111m²,,Chung cư Hoàng Anh Gold Place,
AH8NDY,"Chung cư Hoàng Anh Gold Place, đường Lê Văn Lương, Xã Phước Kiển, H.Nhà Bè, TP.HCM",4350000.0,42.39,Căn hộ chung cư,"Căn hộ số 4.2 tầng 4, Khu B3",,3.0,2.0,102.60m²,102.60m²,,Chung cư Hoàng Anh Gold Place,
DB7F2H,"Số 1 đường 104, Đảo Kim Cương, Bình Trưng Tây, Q.2, TP.HCM",130000000.0,232.14,Căn hộ chung cư,"Số 1 đường 104, Đảo Kim Cương",,4.0,4.0,560m²,,Đầy đủ,Brilliant Tower 4,Đang ở
ACWXXY,"CityLand Park Hills, đường Phan Văn Trị, P.10, Q.Gò Vấp, TP.HCM",12500000.0,66.91,Căn hộ chung cư,,Tây Nam,5.0,4.0,186.80m²,173m²,Đầy đủ,CityLand Park Hills,Đang ở
3H5FCQ,"Tân Kỳ Tân Quý, P.Tân Sơn Nhì, Q.Tân Phú, TP.HCM",4130000.0,65.55,Căn hộ chung cư,,Tây,2.0,2.0,63m²,63m²,Đầy đủ,An Gia Garden,Đang ở
GTRV42,"Căn hộ chung cư số 4.06 Tầng 5, Tháp CC8, Khu nhà ở Nguyên Sơn, ấp 3A, Xã Bình Hưng, H.Bình Chánh, TP.HCM",6300000.0,67.88,Căn hộ chung cư,Căn hộ số 4.06 Tầng 5,,3.0,2.0,92.80m²,,,"Căn hộ chung cư Tháp CC8, Khu nhà ở Nguyên Sơn",
QHMJ7U,"nguyễn chí thanh, P.Hưng Định, TP.Thuận An, Bình Dương",2300000.0,35.93,Căn hộ chung cư,A1-11,Đông Nam,2.0,2.0,64m²,,Cơ bản,The Emerald Garden View,Nhà trống
0ZYSV9,"Căn hộ 404 Lô A4 Chung cư An Sương, P.Tân Hưng Thuận, Q.12, TP.HCM",2100000.0,38.46,Căn hộ chung cư,Lô A4 - Tầng 5 - 404,,1.0,1.0,54.60m²,50.90m²,Cơ bản,Chung cư An Sương,
374SJQ,"Lô V Chung cư Ngô Gia Tự Trần Nhân Tôn, P.2, Q.10, TP.HCM",3500000.0,69.0,Căn hộ chung cư,Căn hộ số 022 Tầng 1,,2.0,1.0,35.60m²,,,Chung cư Ngô Gia Tự,
KTDZCJ,"chung cư MT Eastmark City, Long Trường, Q.9, TP.HCM",4200000.0,57.22,Căn hộ chung cư,Block C,,2.0,2.0,73.40m²,,,MT Eastmark City,
7KKE8A,"Căn hộ 7.04, Tầng 8, Chung cư IC2 - Cantavil đường số 25, P.An Phú, TP.Thủ Đức, TP.HCM",9000000.0,103.44,Căn hộ chung cư,B.8.04,,3.0,2.0,87m²,87m²,,Chung cư IC2 - Cantavil,
RGM94J,"đường số 10, P.10, Q.Gò Vấp, TP.HCM",8000000.0,71.23,Căn hộ chung cư,,Nam,2.0,2.0,112.30m²,105.40m²,Đầy đủ,CityLand Park Hills,
ACKKWY,"Căn hộ BS15.21.17- Phân khu The Beverly Solari, Vinhomes Grand Park - đường Nguyễn Xiển, Long Thạnh Mỹ, Q.9, TP.HCM",4500000.0,76.27,Căn hộ chung cư,BS15.21.17,,2.0,2.0,59m²,54m²,Bàn giao thô,The Beverly Solari - Vinhomes Grand Park,
9VN2YP,"230 Nguyễn Trãi, P.Nguyễn Cư Trinh, Q.1, TP.HCM",12500000.0,290.69,Căn hộ chung cư,,,1.0,1.0,43m²,,Đầy đủ,The Lancaster,Nhà trống
9TZBXP,"Căn 605 (tầng 7) Chung cư 22 Nguyễn Trãi, P.Bến Thành, Q.1, TP.HCM",2000000.0,76.01,Căn hộ chung cư,Căn 605 - Tầng 7,,1.0,1.0,26.31m²,,,Chung cư 22 Nguyễn Trãi,
37S6MQ,"Căn hộ BS16.30.26 The Beverly Solari đường Nguyễn Xiển, Long Thạnh Mỹ, Q.9, TP.HCM",4350000.0,62.14,Căn hộ chung cư,BS16.30.26,Đông Nam,2.0,2.0,70m²,64m²,,The Beverly Solari - Vinhomes Grand Park,
40GBEF,"Căn S20 và S21A, Tầng lững, khối 1 Chung cư Khang Gia Tân Hương, 377 Tân Hương, P.Tân Quý, Q.Tân Phú, TP.HCM",1900000.0,0.32,Căn hộ chung cư,S20 và S21A - Tầng lững - Khối 1,,2.0,2.0,46m²,,,Chung cư Khang Gia Tân Hương,
WPKA1R,"Chung cư 123 Bình Tây, P.1, Q.6, TP.HCM",3300000.0,65.77,Căn hộ chung cư,Tầng 2 - Căn 123D,,2.0,1.0,50.17m²,,,Chung cư 123 Bình Tây,
9TYUQP,"Căn 3.13 Chung cư Đoàn Văn Bơ, P.13, Q.4, TP.HCM",2150000.0,48.86,Căn hộ chung cư,Căn 3.13,,2.0,1.0,44m²,,,Chung cư Đoàn Văn Bơ,
CW024B,"Căn 15.01, Tầng 15, Chung cư Kết hợp thương mại, văn phòng khu V - Sunrise City, khu South Towers, 23 Nguyễn Hữu Thọ, P.Tân Hưng, Q.7, TP.HCM",14000000.0,83.33,Căn hộ chung cư,Khu V - Tầng 15 - Căn 15.01,,3.0,2.0,162.46m²,,Đầy đủ,Sunrise City,Đang ở
372YRQ,"Căn 3-7 Lô B Chung cư Lạc Long Quân, P.5, Q.11, TP.HCM",1950000.0,43.91,Căn hộ chung cư,Lô B - Căn 3-7,,1.0,1.0,44.40m²,,,Chung cư Lạc Long Quân,
7D92SA,"Căn 639B ( trệt + gác lững) Nguyễn Trãi, P.11, Q.5, TP.HCM",9500000.0,92.08,Căn hộ chung cư,639B,,3.0,2.0,103.17m²,,,Chung cư 639B Nguyễn Trãi,
0ZNB09,"Căn hộ 4.18, Lô A Chung cư Vườn Lài, P.Phú Thọ Hòa, Q.Tân Phú, TP.HCM",1850000.0,43.42,Căn hộ chung cư,A-4-18,,2.0,2.0,42.60m²,,,Chung cư Vườn Lài,
7CEW3A,"Căn 5.07 - Tầng 5 Chung cư Hoàng Hoa Thám, P.13, Q.Tân Bình, TP.HCM",4650000.0,72.76,Căn hộ chung cư,Căn 5.07 - Tầng 5,,2.0,2.0,63.90m²,,,Chung cư Hoàng Hoa Thám,
RGGGGJ,"Căn hộ 8.06, Chung cư An Khánh đường Song Hành, P.An Phú, TP.Thủ Đức, TP.HCM",5250000.0,59.65,Căn hộ chung cư,8.06,,2.0,2.0,88m²,78.10m²,,Chung cư An Khánh,
7KME9A,"Căn A.2.07 Block A, Khối CT1 Chung cư 243 Tân Hòa Đông, P.14, Q.6, TP.HCM",3150000.0,51.63,Căn hộ chung cư,Khối CT1 - Block A - Căn A.2.07,,2.0,2.0,61m²,52.70m²,,Chung cư 243 Tân Hòa Đông,
SYSNR5,"Căn hộ 414 Tầng 5 Lô B1 Chung cư phường 3, Đường Vĩnh Hội, P.3, Q.4, TP.HCM",3850000.0,48.12,Căn hộ chung cư,Căn 414 - Tầng 5 - Lô B1,,2.0,1.0,80m²,,,Chung cư Phường 3,
8SCSB3,"Căn hộ D12-12A, Dream Home Palace, P.7, Q.8, TP.HCM",2500000.0,0.4,Căn hộ chung cư,Block D - Tầng 12A - Căn hộ 12,,2.0,2.0,61.75m²,,,Dream Home Palace,
GX4JD2,"Căn hộ P-65B, Tầng 7 Chung cư số 5 đường Cao Thắng, P.2, Q.3, TP.HCM",1670000.0,70.28,Căn hộ chung cư,,,1.0,1.0,23.76m²,,,Chung cư số 5 Cao Thắng,
8SFHB3,"Căn hộ 5.05 Chung cư Phan Văn Trị, P.2, Q.5, TP.HCM",3300000.0,59.56,Căn hộ chung cư,5.05,,2.0,2.0,55.40m²,,,Chung cư Phan Văn Trị,
2MM64Z,"Căn 13.07 - Tầng 14 - Block B Chung cư IC2 Cantavil, đường số 25, P.An Phú, TP.Thủ Đức, TP.HCM",9000000.0,97.08,Căn hộ chung cư,Căn 13.07 - Tầng 14 - Block B,,3.0,2.0,92.70m²,,,Chung cư 1C2 Cantavil,
7KD1ZA,"Căn 410 Tầng 5 Lô B Chung cư Cư Xá Gò Dầu 1, P.Phú Thọ Hòa, Q.Tân Phú, TP.HCM",2650000.0,50.0,Căn hộ chung cư,Căn 410 Tầng 5 Lô B,,2.0,1.0,56.10m²,,,Chung cư Cư Xá Gò Dầu 1,
8U0VX3,"Căn 0.17 Lô A Chung cư Vườn Lài, P.Phú Thọ Hòa, Q.Tân Phú, TP.HCM",4200000.0,100.0,Căn hộ chung cư,0.17 - Lô A,,1.0,1.0,42m²,,,Chung cư Vườn Lài,
Q7F26U,"Căn hộ 2C-10-2 Chung cư cao tầng Phú Mỹ, P.Phú Mỹ, Q.7, TP.HCM",5700000.0,61.29,Căn hộ chung cư,2C-10-2,,2.0,2.0,93m²,,,Chung cư cao tầng Phú Mỹ,
Q7Q7FU,"Căn hộ A19.02 Lô A Chung cư số 4 Đường Phan Chu Trinh (nối dài), P.12, Q.Bình Thạnh, TP.HCM",3590000.0,64.1,Căn hộ chung cư,A19.02 Lô A,,2.0,1.0,56m²,,,Chung cư số 4 Đường Phan Chu Trinh (nối dài),
YKWXHD,"Căn 209 - Tầng 3 - Lô A - Chung Cư 207 Bùi Viện, P.Phạm Ngũ Lão, Q.1, TP.HCM",3600000.0,90.49,Căn hộ chung cư,Lô A - Tầng 3 - Căn 209,,1.0,1.0,39.78m²,,Cơ bản,Chung cư 207 Bùi Viện,Nhà trống
EREAG4,"Căn hộ 14.05, Tầng 15, Khối A Khu căn hộ chung cư cao tầng, 633 Kinh Dương Vương, P.An Lạc, Q.Bình Tân, TP.HCM",2750000.0,49.01,Căn hộ chung cư,"Căn hộ 14.05, Tầng 15, Khối A",,2.0,1.0,56.10m²,52m²,,"Khu căn hộ chung cư cao tầng, 633 Kinh Dương Vương",
8URGG3,"Căn hộ 14.5 chung cư 326/1 Ung Văn Khiêm, P.25, Q.Bình Thạnh, TP.HCM",5200000.0,69.51,Căn hộ chung cư,14.5 - tầng 15,,2.0,1.0,74.80m²,,,chung cư Thế Kỷ 21,Đang ở
7H7K3A,"Căn hộ 1.04 - Tầng 1 và 2 - Khối Tháp C Khu nhà ở cao tầng Công ty Saphire, 454 Võ Chí Công, P.Phú Hữu, TP.Thủ Đức, TP.HCM",12000000.0,66.92,Căn hộ chung cư,Căn hộ 1.04 - Tầng 1 và 2 - Khối Tháp C,,4.0,1.0,179.30m²,166.30m²,,Khu nhà ở cao tầng Công ty Saphire,
YC1HCD,"Căn hộ 3.20, Tầng 3, Tòa nhà S10.07 - 88 Phước Thiện, Long Bình, Q.9, TP.HCM",3320000.0,0.06,Căn hộ chung cư,"Căn hộ 3.20, Tầng 3, Tòa nhà S10.07 - Khu A",,2.0,2.0,54.60m²,,,Dự án Khu dân cư và công viên Phước Thiện,
PT8RPG,"Căn hộ A22.03 Tầng 22, chung cư lô D, 90 Nguyễn Hữu Cảnh, P.22, Q.Bình Thạnh, TP.HCM",3800000.0,94.29,Căn hộ chung cư,A22.03,,1.0,1.0,40.30m²,,,Riverside 90 Nguyễn Hữu Cảnh,
W0FE1R,"Chung cư Hưng Vượng 1, đường Nguyễn Văn Linh, căn hộ E-407, P.Tân Phong, Q.7, TP.HCM",4350000.0,63.59,Căn hộ chung cư,E407,,2.0,1.0,68.40m²,68.40m²,Đầy đủ,Chung cư Hưng Vượng 1,Đang cho thuê
5DZ1E7,"Căn hộ 203B, Tầng 3, Nhà N01, chung cư K26, số 33 Đường Dương Quảng Hàm, P.7, Q.Gò Vấp, TP.HCM",2900000.0,37.66,Căn hộ chung cư,203B Tầng 3 Nhà N01,,2.0,2.0,77m²,70.43m²,,Chung cư K26,Đang ở
3ABUZQ,"111 Tỉnh lộ 10 (ĐT825), TT.Đức Hòa, H.Đức Hòa, Long An",160.0,2.25,Căn hộ chung cư,C5-13,,2.0,2.0,71m²,67m²,,Vinhomes Green City,
5ED4W7,"lô số 4/10A Lê Hồng Phong, P.Đằng Hải, Q.Hải An, TP. Hải Phòng",5490000.0,61.55,Căn hộ chung cư,CH -3522,Tây Bắc,2.0,2.0,89.20m²,83.70m²,Đầy đủ,Golden Crown,Nhà trống
74BK5A,"Đại Lộ Bình Dương, P.Lái Thiêu, TP.Thuận An, Bình Dương",3100000.0,48.43,Căn hộ chung cư,,Đông Bắc,2.0,1.0,64m²,59m²,Đầy đủ,The Emerald Golf view,Đang cho thuê
9NT3FP,"14 Nguyễn Văn Tiết, P.Lái Thiêu, TP.Thuận An, Bình Dương",2520000.0,47.69,Căn hộ chung cư,MA-MB,,1.0,1.0,52.90m²,,,HAPPY ONE MORI,
DWKGVH,"BN2, P.Đông Hưng Thuận, Q.12, TP.HCM",1.98,0.0,Căn hộ chung cư,005,,1.0,1.0,54m²,,,Khu dân cư An Sương,
A4VZ4Y,"Chu Văn An, Hòa Phú, TP.Thủ Dầu Một, TP.HCM",1980000.0,55.0,Căn hộ chung cư,,,,,,,,,
KWSRNC,"Đào trí, P.Phú Thuận, Q.7, TP.HCM",7000000.0,90.21,Căn hộ chung cư,CH02,,2.0,2.0,77.59m²,,,Vlasta Premier Phú Thuận,
9VT2DP,"47-57 Nguyễn Thái Bình, P.Bến Thành, Q.1, TP.HCM",2049999.9999999998,83.09,Căn hộ chung cư,725 - Tầng 8,,1.0,1.0,24.67m²,24.67m²,Cơ bản,chung cư 47-57 nguyễn thái bình,Đang ở
7EGX5A,"Cao Ốc Fico 927 Trần Hưng Đạo, P.1, Q.5, TP.HCM",14000000.0,163.55,Căn hộ chung cư,14.04,,2.0,2.0,85.60m²,85m²,Đầy đủ,Cao ốc fico,Đang cho thuê
5K4NP7,"B võ chí công, Bình Trưng Đông, Q.2, TP.HCM",5000000.0,70.42,Căn hộ chung cư,01,,2.0,2.0,71m²,66m²,,Gladia By The Waters,
2MCUUZ,"Chung Cư Thiên Nam 7A/162 Thành Thái, P.14, Q.10, TP.HCM",9500000.0,75.27,Căn hộ chung cư,Số 6.5 tầng 7,,3.0,3.0,126.20m²,,,Chung cư Thiên Nam,Đang ở
7KCRUA,"Căn Thương mại số 1.08, Tầng 1+2, Tháp M2, Chung cư Jamona City Đào Trí, P.Phú Thuận, Q.7, TP.HCM",6800000.0,37.52,Căn hộ chung cư,"Căn Thương mại số 1.08, Tầng 1+2, Tháp M2",,2.0,2.0,181.20m²,181.20m²,,Chung cư Jamona City,
SDHH15,"Số 5G, Tầng 7, Chung cư 35-37 Bến Chương Dương, P.Nguyễn Thái Bình, Q.1, TP.HCM",7000000.0,98.28,Căn hộ chung cư,"Số 5G, tầng 7",,1.0,1.0,71.22m²,71.22m²,,Chung cư 35-37 đường Bến Chương Dương,
G1WKQ2,"26 Nguyễn thượng hiền, P.1, Q.Gò Vấp, TP.HCM",2000000.0,40.0,Căn hộ chung cư,6-09,Đông Nam,2.0,2.0,50m²,46m²,Đầy đủ,Chung cư 26 Nguyễn Thượng Hiền,Nhà trống
928QAP,"Nguyễn Xiển, P.Long Thạnh Mỹ, Q.9, TP.HCM",3230000.0,69.91,Căn hộ chung cư,,,1.0,1.0,46.20m²,,,,
DY6UHF,"Trần Hưng Đạo, P.Phạm Ngũ Lão, Q.1, TP.HCM",15800000.0,132.18,Căn hộ chung cư,150 trệt,,2.0,1.0,119.53m²,,,,
QKE7DU,"Tân Sơn Nhì, P.Tân Sơn Nhì, Q.Tân Phú, TP.HCM",2300000.0,41.07,Căn hộ chung cư,,Tây Bắc,2.0,1.0,56m²,59m²,Đầy đủ,Khu nhà ở kết hợp dịch vụ Gò Dầu,Nhà trống
UCE6GS,"110A Phạm Văn Đồng, P.3, Q.Gò Vấp, TP.HCM",5200000.0,74.28,Căn hộ chung cư,A1205,Nam,2.0,2.0,70m²,,Đầy đủ,Sunny Plaza,Đang ở
AFEF9Y,"68/19 Nguyễn Bá Tòng, P.11, Q.Tân Bình, TP.HCM",1700000.0,50.0,Căn hộ chung cư,lầu 1,Bắc,2.0,1.0,34m²,34m²,Đầy đủ,Bảy Hiền Tower,Nhà trống
WZK56R,"Nguyễn bỉnh khiêm, P.1, Q.Gò Vấp, TP.HCM",2800000.0,56.0,Căn hộ chung cư,,,2.0,1.0,50m²,46m²,Đầy đủ,Masteri M-One Gò Vấp,Đang cho thuê
DFZJKH,"Nguyễn Văn Linh, Xã Bình Hưng, H.Bình Chánh, TP.HCM",5300000.0,68.69,Căn hộ chung cư,TC1-006-07,,2.0,2.0,77.15m²,,Cơ bản,Trellia Cove,Nhà trống
9X326P,"Căn hộ S20 Khối 1, 377 đường Tân Hương, P.Tân Quý, Q.Tân Phú, TP.HCM",780.0,34.66,Căn hộ chung cư,,,1.0,1.0,22.50m²,,,Chung cư Khang Gia,
JT28D0,"Căn hộ số 4.09, tầng 5, Chung cư Thanh Niên Bàu Cát 2, P.14, Q.Tân Bình, TP.HCM",2600000.0,53.06,Căn hộ chung cư,"Căn 4.09, tầng 5",,2.0,1.0,49m²,,Đầy đủ,Chung cư Thanh Niên,
SHH395,"Tòa nhà Landmark Plus 720A Điện Biên Phủ, P.22, Q.Bình Thạnh, TP.HCM",12000000.0,149.81,Căn hộ chung cư,LP-31.04,Đông Bắc,2.0,2.0,80.10m²,70.60m²,Cơ bản,Vinhomes Central Park,Đang cho thuê
1UDGJ6,"Căn hộ 5.12 Chung cư Nhiêu Lộc C - Lô D Dương Văn Dương, P.Tân Quý, Q.Tân Phú, TP.HCM",2850000.0,40.25,Căn hộ chung cư,5.12,,2.0,2.0,70.80m²,,,Chung Cư Nhiêu Lộc C,
KFPESC,"Căn hộ 3.18 Chung cư Petroland số 2 đường 62, P.Bình Trưng Đông, TP.Thủ Đức, TP.HCM",3900000.0,53.13,Căn hộ chung cư,3.18,,2.0,2.0,73.40m²,,,Chung cư Petroland,
KFWRBC,"3.03 Chung cư 540/1 Cách Mạng Tháng 8, P.11, Q.3, TP.HCM",9750000.0,75.87,Căn hộ chung cư,3.03,,3.0,3.0,128.50m²,128.50m²,,Chung cư 540/1 Cách Mạng Tháng 8,
SBRF85,"Bùi Tư Toàn, P.An Lạc, Q.Bình Tân, TP.HCM",2850000.0,35.18,Căn hộ chung cư,A,Đông Nam,3.0,2.0,81m²,81m²,Cơ bản,Cao ốc An Lạc,Đang ở
JNM850,"Thuỷ Lợi, P.Phước Long A, TP.Thủ Đức, TP.HCM",3700000.0,58.54,Căn hộ chung cư,A-09-20,,2.0,2.0,63.20m²,,,Him Lam Phú An,
D4DRZH,"Căn hộ chung cư số 4.04, tầng 5, khối A, chung cư Vạn Gia Phúc (The Garden) số 295 Tân Kỳ Tân Quý, P.Tân Sơn Nhì, Q.Tân Phú, TP.HCM",5200000.0,65.0,Căn hộ chung cư,"4.04, tầng 5, khối A",,3.0,2.0,80m²,75.40m²,Đầy đủ,City Garden,
5K3RN7,"Căn hộ H10.04 Khu dân cư Happy Valley (R18), P.Tân Phong, Q.7, TP.HCM",11000000.0,110.11,Căn hộ chung cư,H10.04,,3.0,2.0,99.90m²,92.50m²,,Happy Valley,
AB8E6Y,"Chung cư Hoàng Quốc Việt, P.Phú Thuận, Q.7, TP.HCM",3100000.0,51.66,Căn hộ chung cư,12.08,,2.0,2.0,60m²,56.80m²,Đầy đủ,Chung cư Hoàng Quốc Việt,Đang ở
87RV83,"Tân Kỳ Tân Quý, P.Tân Sơn Nhì, Q.Tân Phú, TP.HCM",5000000.0,65.18,Căn hộ chung cư,,,3.0,2.0,76.70m²,,,Chung cư Vạn Gia Phúc (The Garden),
3AFM4Q,"9 Ngô Chí Quốc, P.Bình Chiểu, TP.Thủ Đức, TP.HCM",2880000.0,41.14,Căn hộ chung cư,A12,Đông Nam,2.0,2.0,70m²,70m²,Đầy đủ,FrescaRiverside,Đang ở
W0DTWR,"Số 49 Đường Số 45, P.14, Q.Gò Vấp, TP.HCM",4200000.0,34.22,Căn hộ chung cư,Tầng trệt - Liên Kế 37,,2.0,2.0,122.70m²,122.70m²,Cơ bản,Chung cư Khang Gia,Đang ở
EW5SX4,"Chung cư 78 Tân Hòa Đông - Lô A, P.14, Q.6, TP.HCM",2049999.9999999998,0.03,Căn hộ chung cư,Căn hộ Chung cư số 4.04 tầng 5,,2.0,1.0,62.90m²,,,Lô A Chung cư 78 Tân Hòa Đông,
5CVET7,"Căn hộ số 10.01, Block A Moonlight Park View, đường số 7, P.An Lạc A, Q.Bình Tân, TP.HCM",4750000.0,62.74,Căn hộ chung cư,,,3.0,2.0,75.70m²,,,Moonlight Park View,
QDK7HU,"Căn hộ G3.03 Chung cư Happy Valley, đường Nguyễn Văn Linh, P.Tân Phong, Q.7, TP.HCM",14000000.0,120.68,Căn hộ chung cư,G3.03,,2.0,2.0,116m²,110m²,,Happy Valley  (GĐ1),
5YBPE7,"Căn 13.16 Chung cư Thái An 2, P.Đông Hưng Thuận, Q.12, TP.HCM",3700000.0,50.59,Căn hộ chung cư,13.16,,2.0,2.0,73.13m²,,,Chưng cư Thới An 2,Đang cho thuê
7965A8,"Căn 2.4 - Tầng 3 Chung cư 482A Nơ Trang Long, P.13, Q.Bình Thạnh, TP.HCM",3100000.0,62.0,Căn hộ chung cư,Tầng 3 - Căn 2.4,,2.0,1.0,50m²,,Cơ bản,Chung cư 482A Nơ Trang Long,Đang ở
AK08MY,"Căn hộ BS929.09, 512 Đường Nguyễn Xiển, Long Thạnh Mỹ, Q.9, TP.HCM",3900000.0,65.0,Căn hộ chung cư,BS929.09,,2.0,2.0,58.90m²,,Đầy đủ,The Beverly Solari - Vinhomes Grand Park,Đang cho thuê
EWVCK4,"Căn 348 (Lầu 3) Chung cư Hào Huê, P.7, Q.5, TP.HCM",3200000.0,54.41,Căn hộ chung cư,348 (Lầu 3),,2.0,1.0,58.81m²,,,Chung cư Hào Huê,
4P2J9F,"Căn hộ 17.06 Chung cư Scenic Valley 1, đường Tôn Dật Tiên, P.Tân Phú, Q.7, TP.HCM",8500000.0,95.72,Căn hộ chung cư,17.06,,2.0,2.0,88.80m²,83.40m²,,Scenic Valley,
65K6F8,"Chung cư Khang Gia, số 59 Hồ Thành Biên, P.4, Q.8, TP.HCM",1900000.0,31.66,Căn hộ chung cư,10.07,Tây Nam,2.0,1.0,60m²,56m²,Cơ bản,Chung cư Khang Gia,Nhà trống
C415FB,"Căn hộ 0.29 - Chung cư Bàu Cát 2, 10, Q.Tân Bình, TP.HCM",6500000.0,90.27,Căn hộ chung cư,0.29,,2.0,2.0,68m²,,,Chung Cư Bàu Cát 2,
5Y2JQ7,"Căn 1.8 Chung cư 275 Lê Văn Sỹ, P.1, Q.Tân Bình, TP.HCM",14500000.0,213.23,Căn hộ chung cư,1.8,,1.0,1.0,68m²,,,Chung cư 279 Lê Văn Sỹ,
PVEFHG,"Chung cư Victoria Village số 266 Trương Văn Bang, P.Cát Lái, TP.Thủ Đức, TP.HCM",6080000.0,88.11,Căn hộ chung cư,VTV4-03.06,,2.0,2.0,69m²,,Cơ bản,Victoria Village,
WPAXGR,"Căn hộ số 4.04- Lô B Chung cư CH2, đường số 10, Khu dân cư Cityland, P.10, Q.Gò Vấp, TP.HCM",7200000.0,72.28,Căn hộ chung cư,P3,Bắc,3.0,2.0,99.60m²,91.80m²,Đầy đủ,CityLand Park Hills,Đang cho thuê
DCXF3H,"Căn 1159 trệt và 112/32F Chung cư đường Trần Hưng Đạo, P.5, Q.5, TP.HCM",22000000.0,107.63,Căn hộ chung cư,1159 và 122/32F,,4.0,5.0,204.40m²,,,Chung cư 1149 đến 1169 đường Trần Hưng Đạo và từ số 112 đến 132 đường An Bình,
5Y92Y7,"Căn hộ số 018 (Tầng 1+ lửng) Bàu Cát 2, P.14, Q.Tân Bình, TP.HCM",7500000.0,115.83,Căn hộ chung cư,Tầng 1 + lửng,,2.0,1.0,64.75m²,,,chung cư Thanh Niên,
7DV7HA,"Căn 22.1 - Tháp E2  Chung cư Masteri Centre Point, P.Long Bình, TP.Thủ Đức, TP.HCM",6100000.0,81.98,Căn hộ chung cư,Căn hộ 22.1 - Tháp E2,,2.0,2.0,74.40m²,,,Chung cư Masteri Centre Point,
QT0FUQ,"Căn 207 Chung cư 292 Bến Chương Dương, 482 Võ Văn Kiệt, Cầu Kho, Q.1, TP.HCM",3700000.0,0.08,Căn hộ chung cư,"Căn 207, tầng 3",,1.0,1.0,42.82m²,,,Chung cư 292 Bến Chương Dương,
SY3GW5,"Căn hộ 3.19, Chung cư Nguyễn Ngọc Phương, số 66 Nguyễn Ngọc Phương, P.19, Q.Bình Thạnh, TP.HCM",8300000.000000001,87.64,Căn hộ chung cư,3.19,,3.0,2.0,94.70m²,,,Chung cư Nguyễn Ngọc Phương,
R9FYBJ,"Căn hộ 21.07, Tầng 21, Toà nhà GH3 - Khu B - 88 Phước Thiện, P.Long Bình, TP.Thủ Đức, TP.HCM",3450000.0,80.79,Căn hộ chung cư,"Căn hộ 21.07, Tầng 21, Toà nhà GH3",,1.0,1.0,42.70m²,,,Dự án Khu dân cư và công viên Phước Thiện,
QA1R8U,"Căn hộ số 11C23 Block C - tầng 11, Số 1122 Ngô Quyền, P.An Hải Nam, Q.Sơn Trà, TP. Đà Nẵng",3600000.0,53.57,Căn hộ chung cư,Căn hộ số 11C23 - tầng 11,,2.0,1.0,67.20m²,67.20m²,Đầy đủ,Chung cư cho người thu nhập thấp tại Khu dân cư An Trung 2,Đang ở
R2U2CJ,"Khu đô thị mới Văn Quán, P.Phúc La, Q.Hà Đông, TP. Hà Nội",5360000.0,67.42,Căn hộ chung cư,,,2.0,1.0,79.50m²,,,Khu đô thị mới Văn Quán,
49UT4F,"Lộc Ninh Singashine, Đường Quốc lộ 6, TT.Chúc Sơn, H.Chương Mỹ, TP. Hà Nội",2850000.0,53.47,Căn hộ chung cư,,,2.0,2.0,53.30m²,,,Lộc Ninh Singashine,
GXFRA2,"Căn hộ số K6-1109 Dự án Khai Sơn City, P.Thượng Thanh, Q.Long Biên, TP. Hà Nội",9200000.0,76.66,Căn hộ chung cư,K6-1109,Tây Bắc,3.0,3.0,120m²,120m²,Cơ bản,Khai Sơn City,Nhà trống
D4T7MH,"Ô đất B2-CT03, Tòa T26M-1 (S2.10), Dự án khu đô thị Gia Lâm, Xã Đa Tốn, H.Gia Lâm, TP. Hà Nội",3700000.0,59.29,Căn hộ chung cư,,,2.0,2.0,62.40m²,,,The Sapphire 2 - Vinhomes Ocean Park,
PM5DKG,"Căn thương mại Phương Đông Green Park, số 1 Trần Thủ Độ, P.Hoàng Liệt, Q.Hoàng Mai, TP. Hà Nội",6800000.0,85.75,Căn hộ chung cư,,,1.0,1.0,79.30m²,,,Chung cư Phương Đông Green Park,
UC5YYS,"A Bà Huyện Thanh Quan, P.Đông Hòa, TP.Dĩ An, Bình Dương",2500000.0,45.45,Căn hộ chung cư,A-10-8,,2.0,2.0,55m²,52m²,,Bcons City,
8YSR73,"12 bờ bao sông, P.Lái Thiêu, TP.Thuận An, Bình Dương",2300000.0,48.93,Căn hộ chung cư,B08-12,Đông Nam,1.0,1.0,47m²,42m²,Đầy đủ,The Emerald River Park,Nhà trống
3HCX9Q,"20 trần quang  diệu, P.Dĩ An, TP.Dĩ An, Bình Dương",1800000.0,36.73,Căn hộ chung cư,a2003,,1.0,1.0,49m²,46m²,Cơ bản,fenica,Nhà trống
G63RT2,"123 Quốc lộ 13, P.Thuận Giao, TP.Thuận An, Bình Dương",2400000.0,36.36,Căn hộ chung cư,a2007,,2.0,2.0,66m²,61m²,,Diamond Boulevard,
GXRTB2,"Căn hộ chung cư số B15 - Tầng 7 Nhà ở xã hội - 444 Ngô Quyền, P.Vĩnh Lạc, TP.Rạch Giá, Kiên Giang",400.0,8.77,Căn hộ chung cư,B15,Đông Nam,2.0,1.0,45.60m²,42.40m²,Cơ bản,Nhà ở xã hội - 444 Ngô Quyền,Đang cho thuê
EGXW24,"T1 An Đồng, P.An Đồng, Q.An Dương, TP. Hải Phòng",2290000.0,38.2,Căn hộ chung cư,05.12a,Tây Nam,2.0,1.0,60m²,64.21m²,Cơ bản,An Zen Residences,Nhà trống
P1UZ1G,"12A T1, P.An Đồng, Q.An Dương, TP. Hải Phòng",2290000.0,38.2,Căn hộ chung cư,05.12A,Tây Nam,2.0,1.0,60m²,64.21m²,Cơ bản,An Zen Residences,Nhà trống
G6ST12,"T1.05.12A An Đồng, P.An Đồng, Q.An Dương, TP. Hải Phòng",2290000.0,38.2,Căn hộ chung cư,T1.05.12A,Tây Nam,2.0,1.0,60m²,64.21m²,Cơ bản,An Zen Residences,Nhà trống
SB9FV5,"13 Bùi Viện, P.Đồng Hoà, Q.Kiến An, TP. Hải Phòng",4099999.9999999995,45.05,Căn hộ chung cư,13CHA7,Đông Bắc,3.0,2.0,91m²,87m²,Cơ bản,The Zenith,Nhà trống
WT3M3R,"12 Bùi Viện, P.Đồng Hoà, Q.Kiến An, TP. Hải Phòng",3500000.0,38.88,Căn hộ chung cư,12CHA,Tây Nam,3.0,2.0,90m²,87m²,Cơ bản,The Zenith,Nhà trống
74RVJA,"08 Bùi Viện, P.Đồng Hoà, Q.Kiến An, TP. Hải Phòng",3500000.0,38.88,Căn hộ chung cư,19,,3.0,2.0,90m²,86m²,Cơ bản,The Zenith,Nhà trống
QKBTVU,"03 Bùi Viện, P.Đồng Hoà, Q.Kiến An, TP. Hải Phòng",2500000.0,35.71,Căn hộ chung cư,03-CHA08,Đông Nam,2.0,2.0,70m²,66.20m²,Cơ bản,The Zenith,Nhà trống
3D3JRQ,"Căn hộ A06.03 Chung Cư Hoàng Anh Gia Lai Lake View Residence Hàm Nghi, P.Thạc Gián, Q.Thanh Khê, TP. Đà Nẵng",4050000.0,36.61,Căn hộ chung cư,Căn hộ A06.03 - Tầng 6,,3.0,2.0,110.60m²,,,Chung Cư Hoàng Anh Gia Lai Lake View Residence,
YER46D,"Quang Trung, P.Phú La, Q.Hà Đông, TP. Hà Nội",6000000.0,86.33,Căn hộ chung cư,,Tây Bắc,2.0,2.0,69.50m²,64.50m²,Cơ bản,The Vist,Nhà trống
8DR873,"hạnh hoa, P.Phúc La, Q.Hà Đông, TP. Hà Nội",4000000.0,50.31,Căn hộ chung cư,1703ct1b2 khu đô thị xala,,2.0,1.0,79.50m²,,Đầy đủ,Chung cư Xala BMM,Đang ở
8DFDJ3,"Như Nguyệt, P.Thuận Phước, Q.Hải Châu, TP. Đà Nẵng",6500000.0,81.25,Căn hộ chung cư,ABC1,,2.0,2.0,80m²,76.80m²,Đầy đủ,Wyndham Soleil Đà Nẵng,Nhà trống
5EKCE7,". 29/3, P.Hòa Xuân, Q.Cẩm Lệ, TP. Đà Nẵng",2200000.0,40.0,Căn hộ chung cư,A1-01-18,,2.0,1.0,55m²,49m²,,Sun Cora Tower,
P1ZJUG,"1 Minh Mạng, P.Hòa Xuân, Q.Cẩm Lệ, TP. Đà Nẵng",2800000.0,43.07,Căn hộ chung cư,F2-08-28,,2.0,1.0,65m²,61m²,,FourS Tower,
SC3CH5,"01 Võ Nguyên Giáp, P.An Hải Bắc, Q.Sơn Trà, TP. Đà Nẵng",3000000.0,50.0,Căn hộ chung cư,SLD26,Đông,1.0,1.0,60m²,52m²,Đầy đủ,Wyndham Soleil Đà Nẵng,Đang cho thuê
3D1YEQ,"Võ Nguyên Giáp, P.An Hải Bắc, Q.Sơn Trà, TP. Đà Nẵng",12000000.0,75.0,Căn hộ chung cư,SLD37,Đông,2.0,2.0,160m²,152m²,Đầy đủ,Wyndham Soleil Đà Nẵng,Đang cho thuê
WZB0CR,"Tố Hữu, P.Mễ Trì, Q.Nam Từ Liêm, TP. Hà Nội",6000000.0,78.94,Căn hộ chung cư,A1 -2010,Đông Bắc,2.0,2.0,76m²,75m²,Cơ bản,Ecolife Capitol,Đang ở
8AZR43,"xuân phương, Xã Sơn Đồng, H.Hoài Đức, TP. Hà Nội",5350000.0,73.48,Căn hộ chung cư,01,Tây Nam,2.0,2.0,72.80m²,66.67m²,Đầy đủ,An Lạc Green Symphony,Đang ở
R2E7FJ,"Căn hộ chung cư số 3614, Tháp CT-C, tầng 16, chung cư Intracom Riverside Võ Nguyên Giáp, Xã Vĩnh Ngọc, H.Đông Anh, TP. Hà Nội",4000000.0,73.66,Căn hộ chung cư,3614,,2.0,2.0,54.30m²,,Đầy đủ,Intracom Riverside,
C9V1FB,"Phòng 1703ct1b2 khu đô thị xala, P.Phúc La, Q.Hà Đông, TP. Hà Nội",4000000.0,50.31,Căn hộ chung cư,1703ct1b2,,2.0,1.0,79.50m²,,Đầy đủ,,
3HCGFQ,"46 Điện Biên Phủ, P.Chính Gián, Q.Thanh Khê, TP. Đà Nẵng",2600000.0,43.33,Căn hộ chung cư,11,Nam,1.0,1.0,60m²,49m²,Cơ bản,TTC Plaza Đà Nẵng,Nhà trống
WT0E8R,"18 Lê Đức Thọ, P.Mân Thái, Q.Sơn Trà, TP. Đà Nẵng",4500000.0,73.77,Căn hộ chung cư,1106,,2.0,2.0,61m²,58m²,Đầy đủ,hiyori,
6YQX28,"48 Điện Biên Phủ, P.Thạc Gián, Q.Thanh Khê, TP. Đà Nẵng",2500000.0,49.01,Căn hộ chung cư,A01-008-018-P1,,1.0,1.0,51m²,47m²,Cơ bản,TTC Plaza Đà Nẵng,
74YQ3A,"03 võ nguyên giáp, P.An Hải Bắc, Q.Sơn Trà, TP. Đà Nẵng",2800000.0,80.0,Căn hộ chung cư,SLD12,Đông,1.0,1.0,35m²,30m²,Đầy đủ,Wyndham Soleil Đà Nẵng,Nhà trống
3D3ZXQ,"46 Điện Biên Phủ, P.Thạc Gián, Q.Thanh Khê, TP. Đà Nẵng",2400000.0,47.05,Căn hộ chung cư,,,1.0,1.0,51m²,47.25m²,,TTC Plaza Đà Nẵng,
G1GKM2,"Điện Biên Phủ, P.Chính Gián, Q.Thanh Khê, TP. Đà Nẵng",2300000.0,38.33,Căn hộ chung cư,,,1.0,1.0,60m²,60m²,,TTC Plaza Đà Nẵng,
262D8Z,"Lô số 03 Lê Đức Thọ, P.Thọ Quang, Q.Sơn Trà, TP. Đà Nẵng",4500000.0,78.94,Căn hộ chung cư,,,2.0,2.0,57m²,57m²,,Hiyori,
G1GQ02,"48 Điện Biên Phủ, P.Hải Châu, Q.Hải Châu, TP. Đà Nẵng",2300000.0,48.93,Căn hộ chung cư,A01-008-017,,1.0,1.0,47m²,,Cơ bản,TTC Plaza Đà Nẵng,
3Y776Q,"d19 vũ đình liệu, P.Hưng Phú, Q.Cái Răng, TP. Cần Thơ",1500000.0,25.42,Căn hộ chung cư,A06-10,Nam,2.0,1.0,59m²,,Cơ bản,Cara River Park,Nhà trống
YEMGMD,"Căn hộ số 1912AB - Tháp B, Chung cư Lộc Ninh Singashine Quốc Lộ 6, TT.Chúc Sơn, H.Chương Mỹ, TP. Hà Nội",2500000.0,51.12,Căn hộ chung cư,1912AB,,2.0,1.0,48.90m²,,Đầy đủ,Chung cư Lộc Ninh Singashine,
QHQJ8U,"Nguyễn Phước Lan, P.Hoà Quý, Q.Ngũ Hành Sơn, TP. Đà Nẵng",2600000.0,44.82,Căn hộ chung cư,F2,,1.0,1.0,58m²,52m²,Cơ bản,FourS Tower,
0ZBEQ9,"Lô B5.1, Khu đô thị FPT Hoàng Minh Thắng, P.Hoà Hải, Q.Ngũ Hành Sơn, TP. Đà Nẵng",3300000.0,48.03,Căn hộ chung cư,"P2-22.30 , tầng 22",Đông Nam,2.0,1.0,68.70m²,,Đầy đủ,Tòa nhà chung cư FPT Plaza 2,Đang cho thuê
UC70JS,"Nguyễn Phước Lan, P.Hoà Quý, Q.Ngũ Hành Sơn, TP. Đà Nẵng",2600000.0,50.0,Căn hộ chung cư,,,2.0,1.0,52m²,52m²,,FourS Tower,
67WMY8,"Căn hộ B9.03 Chung cư The ZEI - Lê Đức Thọ, P.Mỹ Đình 2, Q.Nam Từ Liêm, TP. Hà Nội",13000000.0,121.38,Căn hộ chung cư,B9-03,,3.0,2.0,107.10m²,,Đầy đủ,The Zei,
ABZ9EY,"Căn 2628 - Tầng 26 Tòa nhà CT12C - Khu đô thị mới Kim Văn - Kim Lũ, P.Đại Kim, Q.Hoàng Mai, TP. Hà Nội",3800000.0,71.02,Căn hộ chung cư,Tầng 26 - Căn 2628,,2.0,2.0,53.50m²,,,Tòa nhà CT12C,
QHRX5U,"Căn hộ A-12-06 Chung cư Kim Cương Xanh - Cara River Park, Khu đô thị Nam Cần Thơ, P.Hưng Thạnh, Q.Cái Răng, TP. Cần Thơ",4000000.0,57.72,Căn hộ chung cư,A-12-06,,2.0,2.0,69.30m²,64.70m²,,Cara River Park,
WG34WR,"Tòa nhà ZR2 (Z30M), Lô đất B1-CT02, Dự án Khu đô thị Gia Lâm, Xã Đa Tốn, H.Gia Lâm, TP. Hà Nội",6100000.0,70.03,Căn hộ chung cư,,,3.0,2.0,87.10m²,,,The Zurich - Vinhomes Ocean Park,
QA0C5U,"Chung cư CT6B, Khu đô thị Vĩnh Điềm Trung, Xã Vĩnh Ngọc, TP.Nha Trang, Khánh Hòa",1850000.0,42.78,Căn hộ chung cư,,,1.0,1.0,43.24m²,,,Chung cư CT6B,
4009ZF,"Căn hộ số 8.7 ( tầng 9 ), chung cư An Thịnh, 2B Ngô Gia Khảm, P.Vĩnh Hải, TP.Nha Trang, Khánh Hòa",1600000.0,37.2,Căn hộ chung cư,Căn hộ sô 8.7 ( tầng 9 ),,2.0,1.0,43m²,43m²,,Chung cư An Thịnh,Đang cho thuê
SKK9H5,"Tố Hữu, P.Phước Hải, TP.Nha Trang, Khánh Hòa",5000000.0,53.99,Căn hộ chung cư,T07 (Tầng trệt),Tây,2.0,2.0,92.60m²,92.60m²,Đầy đủ,Serenity Phước Hải,Đang ở
RZXCDJ,"Chung cư CT7A, Khu đô thị Vĩnh Diềm Trung, Xã Vĩnh Hiệp, TP.Nha Trang, Khánh Hòa",2500000.0,34.99,Căn hộ chung cư,,,3.0,2.0,71.44m²,,,Chung cư CT7A,
AC6UJY,"Chung cư CT5, Khu đô thị Vĩnh Điềm Trung, Xã Vĩnh Ngọc, TP.Nha Trang, Khánh Hòa",2490000.0,42.57,Căn hộ chung cư,,,2.0,1.0,58.60m²,,,Chung cư CT5,
D4TUTH,"số 4 Tôn Đản, P.Lộc Thọ, TP.Nha Trang, Khánh Hòa",7300000.0,78.83,Căn hộ chung cư,,,2.0,2.0,92.60m²,,,Chung cư Maple Hotel & Apartment,
2V3ETZ,"Căn hộ 907B (tầng 9) Ô CTXH01, Khu đô thị VCN, P.Phước Long, TP.Nha Trang, Khánh Hòa",2890000.0,41.28,Căn hộ chung cư,,,2.0,1.0,70m²,,,Chung cư nhà ở xã hội,
PX2EMG,"Chung cư Maple Hotel & Apartment, số 4 Tôn Đản, P.Lộc Thọ, TP.Nha Trang, Khánh Hòa",4190000.0000000005,70.33,Căn hộ chung cư,,,1.0,1.0,59.70m²,,,Chung cư Maple Hotel & Apartment,
5HA8Q7,"Căn hộ số 1.19 Chung Cư CT1 VCN Phước Hải, Cao Bá Quát - Cầu Lùng, P.Phước Hải, TP.Nha Trang, Khánh Hòa",3200000.0,49.38,Căn hộ chung cư,Căn hộ chung cư số 1.19,,2.0,1.0,64.80m²,,,Chung Cư CT1 VCN Phước Hải,
3AYK3Q,"Căn hộ chung cư số 510A Khu đô thị vcn - Phước Long 2, P.Phước Long, TP.Nha Trang, Khánh Hòa",2600000.0,39.33,Căn hộ chung cư,510A - Tầng 5,,2.0,1.0,66.10m²,66.10m²,Cơ bản,Nha ở xã hội CTXH-01,Nhà trống
SHDRY5,"68 Quốc Lộ 13, P.Vĩnh Phú, TP.Thuận An, Bình Dương",4220000.0,65.54,Căn hộ chung cư,A-B,,2.0,2.0,64.49m²,59.74m²,,The Emerald Boulevard,
9N3Z6P,"70-92 Phan bội Châu, P.Phú Thọ, TP.Thủ Dầu Một, Bình Dương",2650000.0,33.97,Căn hộ chung cư,A10,,3.0,2.0,78m²,,Cơ bản,The Maison,Đang cho thuê
