,property_id,address,total_price_millions,price_per_m2_millions,bedrooms,bathrooms,floors,area
0,SA27D5,"60/15/16A số 2, P.Hiệp Bình Phước, TP.Thủ Đức, TP.HCM",5600000.0,76.19,2.0,2.0,2.0,73500.46
1,21JNPZ,"217 Võ Thị Sáu, Đông Hòa, Dĩ An, TP.HCM",6950000.0,96.52,4.0,4.0,2.0,72005.8
2,PV5Q5G,"222/4 Nguyễn Thái Sơn, P.4, Q.Gò Vấp, TP.HCM",7120000.0,78.65,,,,90527.65
3,6Q2EG8,"Nguyễn Bình Ấp 2, Xã Phú Xuân, H.Nhà Bè, TP.HCM",3650000.0,82.95,2.0,1.0,1.0,44002.41
4,3DW1EQ,"77/4 Quốc lộ 1A, P.Linh Xuân, TP.Thủ Đức, TP.HCM",4900000.0,41.88,,,,117000.96
5,AHNB3Y,"Nguyễn An Ninh, P.14, Q.Bình Thạnh, TP.HCM",30000000.0,145.98,3.0,5.0,3.0,205507.6
6,8YUNF3,"146/3 Nguyễn Văn Trỗi, P.8, Q.Phú Nhuận, TP.HCM",14600000.0,224.61,1.0,1.0,1.0,65001.56
7,3DWXKQ,"01 KP1, P.Thạnh Lộc, Q.12, TP.HCM",5100000.0,48.75,,,,104615.38
8,QHR6DU,"33 Hẻm 164, P.Tân Chánh Hiệp, Q.12, TP.HCM",6100000.0,60.09,,,,101514.4
9,UKJV4S,"330 An Bình, P.7, Q.5, TP.HCM",13200000.0,255.81,,,,51600.8
10,SC03B5,"23 Hẻm 30, P.Tân Chánh Hiệp, Q.12, TP.HCM",7100000.0,50.1,,,,141716.57
11,UKJTTS,"4a2 Hẻm 116, P.Hiệp Thành, Q.12, TP.HCM",7700000.0,50.35,,,,152929.49
12,6A4TF8,"47/7A Huỳnh Tấn Phát, P.Tân Thuận Tây, Q.7, TP.HCM",8000000.0,74.62,,,,107209.86
13,PNZCZG,"813/9 Long Phước, Long Phước, Q.9, TP.HCM",6000000.0,67.95,2.0,2.0,1.0,88300.22
14,8YFV73,"Hẻm 17 Lê Văn Khương, P.Hiệp Thành, Q.12, TP.HCM",4200000.0,58.33,,,,72004.11
15,5B96G7,"34 Hẻm 551/195, P.Hiệp Thành, Q.12, TP.HCM",7500000.0,47.37,,,,158328.06
16,26A9MZ,"880 Trường Chinh, Q.Tân Bình, TP.HCM",3500000.0,103.36,,,,33862.23
17,8UECF3,"TK 11/22 đường Võ Văn Kiệt, P.Cầu Kho, Q.1, TP.HCM",6700000.0,2.61,5.0,6.0,4.0,2567049.81
18,6SCZ48,"182/44A Bạch Đằng, P.14, Q.Bình Thạnh, TP.HCM",3000000.0,157.89,2.0,1.0,2.0,19000.57
19,DC46VH,"518/21/46 Võ Văn Kiệt, P.Cầu Ông Lãnh, Q.1, TP.HCM",9000000.0,375.0,2.0,3.0,3.0,24000.0
20,DEPB7H,"39/11 Thạnh Lộc 40, P.Thạnh Lộc, Q.12, TP.HCM",5600000.0,101.81,2.0,2.0,2.0,55004.42
21,6A4MK8,"19 Lê Trọng Tấn, P.Bình Hưng Hòa, Q.Bình Tân, TP.HCM",8800000.0,60.68,,,,145023.07
22,5H4DU7,"đường 26/3, P.Bình Hưng Hòa, Q.Bình Tân, TP.HCM",8490000.0,152.85,4.0,5.0,4.0,55544.65
23,CWWFHB,"409/40/66/12/20 Tân Chánh Hiệp 13, P.Trung Mỹ Tây, Q.12, TP.HCM",3900000.0,125.4,2.0,2.0,2.0,31100.48
24,DE4DDH,"373/172/5/3 Lý Thường Kiệt, P.8, Q.Tân Bình, TP.HCM",7500000.0,154.95,4.0,5.0,6.0,48402.71
25,SHDXR5,"3/4 Tân Thới Nhất 13B, P.Tân Thới Nhất, Q.12, TP.HCM",11800000.0,70.15,3.0,3.0,3.0,168210.98
26,C0JNPB,"97/35 Phạm Phú Thứ, P.2, Q.6, TP.HCM",2850000.0,80.96,4.0,3.0,2.0,35202.57
27,3DWEVQ,"8/24C Trương Công Định, Q.Tân Bình, TP.HCM",5740000.0,116.94,,,,49085.0
28,AHWJ4Y,"633/12/2 Hồng Bàng, P.6, Q.6, TP.HCM",15000000.0,206.34,6.0,2.0,5.0,72695.55
29,0F1B9N,"101/50A7 Kênh Tân Hóa, P.14, Q.6, TP.HCM",10500000.0,225.32,5.0,5.0,6.0,46600.39
30,6A4CN8,"8/24C Trương Công Định, P.14, Q.Tân Bình, TP.HCM",5310000.0,120.46,,,,44081.02
31,0XSTT9,"17C Hẻm A4, Xã Lê Minh Xuân, H.Bình Chánh, TP.HCM",3610000.0,16.36,,,,220660.15
32,6A4G58,"45/16M Tổ 45 KP4, P.Tân Chánh Hiệp, Q.12, TP.HCM",4800000.0,49.94,,,,96115.34
33,0XUQU9,"48 Thống Nhất, P.16, Q.Gò Vấp, TP.HCM",5750000.0,69.86,,,,82307.47
34,13F1R6,"Bãi Sậy, P.1, Q.6, TP.HCM",13000000.0,92.85,3.0,2.0,2.0,140010.77
35,5YEBS7,"Nguyễn Văn Luông, P.11, Q.6, TP.HCM",12500000.0,89.4,4.0,3.0,3.0,139821.03
36,3DW41Q,"A16 Ấp Mỹ Hòa 2, Xã Xuân Thới Đông, H.Hóc Môn, TP.HCM",3900000.0,37.0,,,,105405.41
37,PV75AG,"84 Phạm Hữu Lầu, P.Phú Mỹ, Q.7, TP.HCM",6100000.0,63.89,,,,95476.6
38,EPVYC4,"132/153 Đoàn Văn Bơ, P.14, Q.4, TP.HCM",7800000.0,92.52,,,,84306.1
39,UKJXBS,"224 Hiệp Thành 5, P.Tân Thới Hiệp, Q.12, TP.HCM",6900000.0,62.16,,,,111003.86
40,4JQR7F,"B3/5, ấp 2, Xã Vĩnh Lộc A, H.Bình Chánh, TP.HCM",5300000.0,16.8,2.0,2.0,1.0,315476.19
41,KE0Y1C,"đường Bà Ký, P.9, Q.6, TP.HCM",9000000.0,107.89,2.0,2.0,2.0,83418.3
42,132Y06,"44 Số 32, P.Tân Phong, Q.7, TP.HCM",16900000.0,234.72,7.0,4.0,4.0,72000.68
43,CKPJBC,"115/1/82 Nguyên Hồng, P.1, Q.Gò Vấp, TP.HCM",1980000.0,154.68,2.0,2.0,2.0,12800.62
44,G1A7A2,"50/7 Trần Xuân Soạn, P.Tân Kiểng, Q.7, TP.HCM",6900000.0,76.32,,,,90408.81
45,CF0QZB,"115/15 Lê Trọng Tấn, P.Sơn Kỳ, Q.Tân Phú, TP.HCM",6900000.0,146.49,4.0,3.0,3.0,47102.19
46,36VZQ3,"đường Trần Hưng Đạo, P.Cầu Kho, Q.1, TP.HCM",8500000.0,257.57,5.0,5.0,3.0,33000.74
47,Q5YEMU,"Hậu Giang, P.2, Q.6, TP.HCM",7500000.0,100.14,5.0,6.0,2.0,74895.15
48,AH8T7Y,"263/34  Xóm Chiếu, P.15, Q.4, TP.HCM",13500000.0,156.97,4.0,4.0,4.0,86003.69
49,EP1TM4,"73/24/22 Đô Đốc Long, P.Tân Quý, Q.Tân Phú, TP.HCM",6300000.0,75.63,,,,83300.28
50,UCFD1S,"đường số 339, P.Phước Long B, TP.Thủ Đức, TP.HCM",20000000.0,97.89,5.0,5.0,3.0,204310.96
51,PV73UG,"724/12 Tổ 39 Khu phố 3, P.10, Q.10, TP.HCM",9300000.0,173.5,,,,53602.31
52,5YMYJ7,"Trường Chinh, P.12, Q.Tân Bình, TP.HCM",8500000.0,2.07,2.0,2.0,2.0,4106280.19
53,17U9T6,"32/36/26G Ông Ích Khiêm, P.11, Q.11, TP.HCM",2150000.0,154.67,2.0,2.0,2.0,13900.56
54,J21XX0,"383/70 Quang trung, P.10, Q.Gò Vấp, TP.HCM",6900000.0,110.22,3.0,2.0,2.0,62602.07
55,5EYGT7,"208/56 Đoàn Văn Bơ, P.9, Q.4, TP.HCM",5300000.0,139.47,4.0,3.0,3.0,38001.0
56,20RAZN,"Phan Anh, P.Hiệp Tân, Q.Tân Phú, TP.HCM",6400000.0,102.89,3.0,2.0,3.0,62202.35
57,3SNE4Q,"135/14 Đường Bình Thới, P.11, Q.11, TP.HCM",8300000.000000001,126.33,2.0,2.0,2.0,65700.94
58,U7K2CS,"131/26 Kinh Dương Vương, P.12, Q.6, TP.HCM",16500000.0,93.05,6.0,5.0,4.0,177324.02
59,SD4MC5,"Thới An 13, P.Thới An, Q.12, TP.HCM",4200000.0,73.68,2.0,2.0,2.0,57003.26
60,SAVVN5,"Bùi Đình Tuý, P.12, Q.Bình Thạnh, TP.HCM",6850000.0,143.9,2.0,2.0,2.0,47602.5
61,7D15QA,"63/7 Đường Thạnh Lộc 40, P.Thạnh Lộc, Q.12, TP.HCM",7980000.0,123.91,4.0,4.0,5.0,64401.58
62,GNU092,"120/2A Đường Thới An 13, P.Thới An, Q.12, TP.HCM",6000000.0,100.0,5.0,4.0,3.0,60000.0
63,7D8RJA,"Huỳnh Tấn Phát, P.Phú Mỹ, Q.7, TP.HCM",4300000.0,125.36,2.0,2.0,2.0,34301.21
64,9TMJVP,"58/1C Đồng Nai, P.15, Q.10, TP.HCM",10950000.0,218.56,5.0,4.0,4.0,50100.66
65,8YNMN3,"270/33 Lý Thường Kiệt, P.14, Q.10, TP.HCM",22000000.0,259.12,5.0,4.0,3.0,84902.75
66,JX9XD0,"C2/61B Tân Liêm, Xã Phong Phú, H.Bình Chánh, TP.HCM",4500000.0,52.14,1.0,1.0,1.0,86306.1
67,QH4WRU,"Huỳnh Tấn Phát, P.Phú Thuận, Q.7, TP.HCM",5700000.0,121.79,3.0,4.0,3.0,46801.87
68,5YV0X7,"103/2A3 Đường Lý Chiêu Hoàng, P.10, Q.6, TP.HCM",11200000.0,133.01,9.0,9.0,5.0,84204.2
69,6YUVZ8,"872/91 Quang Trung, P.8, Q.Gò Vấp, TP.HCM",16800000.0,235.95,8.0,10.0,6.0,71201.53
70,JZB9A0,"93/13/8 Nguyễn Du, P.7, Q.Gò Vấp, TP.HCM",2290000.0,238.54,1.0,2.0,2.0,9600.07
71,QAJBAU,"An Phú Đông 11, P.An Phú Đông, Q.12, TP.HCM",1650000.0,47.14,1.0,1.0,1.0,35002.12
72,37UKDQ,"550/31 Lê Hồng Phong, P.10, Q.10, TP.HCM",3350000.0,239.28,2.0,2.0,3.0,14000.33
73,5DHCH7,"40/2 Ấp Mới 2, Xã Trung Chánh, H.Hóc Môn, TP.HCM",6700000.0,45.64,3.0,2.0,1.0,146801.05
74,JPNV60,"Bùi Thị Xuân, P.3, Q.Tân Bình, TP.HCM",7200000.0,141.17,2.0,1.0,2.0,51002.34
75,DR9KDH,"220/54/8 Âu Cơ, P.9, Q.Tân Bình, TP.HCM",7500000.0,183.37,1.0,1.0,1.0,40900.91
76,PT2NAG,"26A đường số 2B, P.Bình Hưng Hoà A, Q.Bình Tân, TP.HCM",8300000.000000001,128.68,1.0,1.0,3.0,64501.09
77,6Q24F8,"116/10/3 Lê Bình, P.4, Q.Tân Bình, TP.HCM",5100000.0,209.01,3.0,3.0,4.0,24400.75
78,EWAQ24,"578A/13 Ấp 1, Xã An Phú Tây, H.Bình Chánh, TP.HCM",12000000.0,33.38,6.0,6.0,1.0,359496.7
79,UD0TYS,"33/20/3 Thạnh Xuân 33, P.Thạnh Xuân, Q.12, TP.HCM",3850000.0,64.16,2.0,2.0,1.0,60006.23
80,5Y1C97,"18/8 Đường Phù Đổng Thiên Vương, P.11, Q.5, TP.HCM",6600000.0,151.37,2.0,2.0,3.0,43601.77
81,C4SX8B,"293/31/1H Phan Xích Long, P.2, Q.Phú Nhuận, TP.HCM",6400000.0,188.23,6.0,4.0,5.0,34000.96
82,6YR1J8,"350/30/3 Nguyễn Văn Khối, P.9, Q.Gò Vấp, TP.HCM",6180000.0,201.3,3.0,4.0,4.0,30700.45
83,AFHP1Y,"195/1B Tôn Thất Thuyết, P.3, Q.4, TP.HCM",8500000.0,236.11,3.0,4.0,4.0,36000.17
84,3SAZWQ,"Điện Biên Phủ, P.17, Q.Bình Thạnh, TP.HCM",9200000.0,132.37,2.0,2.0,2.0,69502.15
85,U1RRS5,"Đường Calmette, P.Nguyễn Thái Bình, Q.1, TP.HCM",28300000.0,375.63,5.0,19.0,7.0,75340.1
86,6QZTT8,"Nguyễn Thị Tần, P.Rạch Ông, Q.8, TP.HCM",3900000.0,157.89,2.0,2.0,2.0,24700.74
87,614F8Y,"Lò Gốm, P.2, Q.6, TP.HCM",6000000.0,132.23,1.0,1.0,2.0,45375.48
88,GTFHV2,"1351/36 Đường Phan Văn Trị, P.10, Q.Gò Vấp, TP.HCM",5100000.0,102.61,3.0,2.0,2.0,49702.76
89,YBWW3D,"41/15 đường số 3, P.9, Q.Gò Vấp, TP.HCM",4950000.0,124.37,2.0,2.0,2.0,39800.59
90,7KFYXA,"105/48 đường số 59, P.14, Q.Gò Vấp, TP.HCM",16800000.0,301.61,19.0,20.0,6.0,55701.07
91,3YT91Q,"1/21G Đặng Thúc Vịnh, Xã Đông Thạnh, H.Hóc Môn, TP.HCM",3450000.0,89.37,3.0,2.0,3.0,38603.56
92,3AKM0Q,"69/14/30 An Phú Đông 11, P.An Phú Đông, Q.12, TP.HCM",2850000.0,42.47,2.0,2.0,2.0,67106.19
93,4RRBWF,"193/8B1 Văn Thân, P.8, Q.6, TP.HCM",6200000.0,79.67,2.0,2.0,2.0,77821.01
94,JN5U60,"30/17 Thạnh Lộc 17, P.Thạnh Lộc, Q.12, TP.HCM",2550000.0,93.06,1.0,1.0,1.0,27401.68
95,PM05ZG,"40 Đoàn Văn Bơ, P.13, Q.4, TP.HCM",1380000.0,45.54,2.0,1.0,3.0,30303.03
96,E0XRP4,"50/1/27 đường 59, P.14, Q.Gò Vấp, TP.HCM",6650000.0,158.33,4.0,4.0,4.0,42000.88
97,7EGG8A,"63/2 Liên Khu 16-18, P.Bình Trị Đông, Q.Bình Tân, TP.HCM",7300000.0,63.58,,,,114815.98
98,7D8WRA,"159/48/48 Đường Trần Văn Đang, P.11, Q.3, TP.HCM",4650000.0,136.36,2.0,1.0,2.0,34100.91
99,8UXAV3,"275/138/22 Quang Trung, P.10, Q.Gò Vấp, TP.HCM",6000000.0,84.15,2.0,1.0,2.0,71301.25
100,74PXBA,"766/16/34A Cách Mạng Tháng Tám, P.5, Q.Tân Bình, TP.HCM",3000000.0,283.01,3.0,3.0,4.0,10600.33
101,Q56QTU,"70/18 Lò Lu, P.Long Phước, TP.Thủ Đức, TP.HCM",7600000.0,52.85,8.0,8.0,1.0,143803.22
102,YFHWKD,"79/15 đường số 18, P.8, Q.Gò Vấp, TP.HCM",4500000.0,146.57,2.0,2.0,2.0,30702.05
103,R99KKJ,"568/22 Nguyễn Ảnh Thủ, Xã Thới Tam Thôn, H.Hóc Môn, TP.HCM",3700000.0,45.51,3.0,2.0,2.0,81300.81
104,3A6YAQ,"523/53/15 Lê Đức Thọ, P.16, Q.Gò Vấp, TP.HCM",2750000.0,151.93,2.0,2.0,3.0,18100.44
105,SABFV5,"Cư Xá Phú Lâm D, P.10, Q.6, TP.HCM",28000000.0,209.52,4.0,4.0,4.0,133638.79
106,1A7R96,"366 Bùi Hữu Nghĩa, Gia Định, Gò Vấp, TP.HCM",5050000.0,210.41,4.0,3.0,3.0,24000.76
107,7CQREA,"74/6/115 đường số 9, P.16, Q.Gò Vấp, TP.HCM",2800000.0,177.21,2.0,2.0,2.0,15800.46
108,C4Y57B,"170/16 Dương Quảng Hàm, P.5, Q.Gò Vấp, TP.HCM",4650000.0,223.98,2.0,2.0,2.0,20760.78
109,KWUP6C,"50/32/8 đường số 9, P.16, Q.Gò Vấp, TP.HCM",7500000.0,129.31,4.0,3.0,3.0,58000.15
110,JN3ZZ0,"449/6/20 Lê Quang Định, P.12, Q.Bình Thạnh, TP.HCM",7350000.0,148.48,4.0,6.0,3.0,49501.62
111,R239KJ,"114/66 Dương Quảng Hàm, P.5, Q.Gò Vấp, TP.HCM",10200000.0,159.37,5.0,5.0,6.0,64002.01
112,R2UN4J,"Lê Đức Thọ, P.17, Q.Gò Vấp, TP.HCM",35500000.0,215.41,25.0,25.0,6.0,164802.01
113,Q5ATDU,"Quốc lộ 1A, P.Thạnh Lộc, Q.12, TP.HCM",6650000.0,97.65,3.0,4.0,4.0,68100.36
114,7EP14A,"70/1 Hẻm 347/69 Lê Văn Thọ, P.9, Q.Gò Vấp, TP.HCM",7100000.0,94.26,,,,75323.57
115,8AVJB3,"Một phần nhà 13/16 đường số 2, P.Tam Phú, TP.Thủ Đức, TP.HCM",6000000.0,106.57,4.0,4.0,3.0,56301.02
116,AH6XKY,"80/11/21 Đường số 5, P.17, Q.Gò Vấp, TP.HCM",9000000.0,176.47,3.0,3.0,5.0,51000.17
117,0GBFQ9,"36/31C Đường số 4, KP6, P.Hiệp Bình Phước, TP.Thủ Đức, TP.HCM",7700000.0,96.25,2.0,2.0,3.0,80000.0
118,KEJ3ZC,"Quang Trung, P.8, Q.Gò Vấp, TP.HCM",4900000.0,116.11,2.0,2.0,2.0,42201.36
119,Q1MYUQ,"Ngô Chí Quốc, P.Bình Chiểu, TP.Thủ Đức, TP.HCM",7300000.0,56.15,4.0,4.0,3.0,130008.9
120,8YMQ13,"297/14/3 Phan Huy Ích, P.14, Q.Gò Vấp, TP.HCM",11500000.0,169.36,4.0,6.0,5.0,67902.69
121,4RYDGF,"285/101/4C Cách Mạng Tháng Tám, P.12, Q.10, TP.HCM",12500000.0,265.95,9.0,10.0,5.0,47001.32
122,9XM1KP,"đường số 7, P.Long Phước, TP.Thủ Đức, TP.HCM",14500000.0,63.54,4.0,4.0,2.0,228202.71
123,GTWXE2,"- 7/3 Đường Trương Hán Siêu, P.Đa Kao, Q.1, TP.HCM",12500000.0,110.65,1.0,1.0,2.0,112968.82
124,8UZMP3,"Cách Mạng Tháng Tám, P.5, Q.Tân Bình, TP.HCM",9200000.0,152.31,2.0,2.0,3.0,60403.13
125,JPQHS0,"Cư Xá Phú Lâm B, P.13, Q.6, TP.HCM",11200000.0,84.33,4.0,2.0,2.0,132811.57
126,7D8RBA,"17/18/5 Đường Số 2, khu phố 22, P.Bình Hưng Hòa, Q.Bình Tân, TP.HCM",6500000.0,109.42,4.0,3.0,3.0,59404.13
127,61FW8Y,"263/49 Liên Khu 4-5, khu phố 5, P.Bình Hưng Hoà B, Q.Bình Tân, TP.HCM",8500000.0,60.24,3.0,2.0,2.0,141102.26
128,RT3D3J,"1 Hẻm 2, TP.Thủ Đức, TP.HCM",13500000.0,68.42,,,,197310.73
129,3DWZCQ,"24 Đường 138, P.Tân Phú, TP.Thủ Đức, TP.HCM",4900000.0,61.25,,,,80000.0
130,YFZJ1D,"44/4A Số 16, P.Bình Hưng Hòa, Q.Bình Tân, TP.HCM",9400000.0,65.91,,,,142618.72
131,KJNQGC,"8 Nguyễn Xiển, P.Long Bình, TP.Thủ Đức, TP.HCM",4500000.0,48.59,,,,92611.65
132,5KRQZ7,"Nguyễn Đình Chiểu, P.4, Q.3, TP.HCM",9180000.0,342.53,4.0,4.0,4.0,26800.57
133,DCTDMH,"08 Diệp Minh Tuyền, P.Phước Long B, TP.Thủ Đức, TP.HCM",35000000.0,116.66,9.0,9.0,4.0,300017.14
134,379NUQ,"61/2 Nguyễn Xiển, Trường Thạnh, Q.9, TP.HCM",6800000.0,34.0,1.0,1.0,1.0,200000.0
135,K4RUMC,"70/28 Hà Thị Đát, P.Tân Quý, Q.Tân Phú, TP.HCM",18500000.0,154.16,22.0,22.0,5.0,120005.19
136,13ARE6,"160/35/14 Đường Nguyễn Văn Quỳ, P.Phú Thuận, Q.7, TP.HCM",7500000.0,134.31,4.0,2.0,3.0,55840.96
137,8DSX43,"107/15A Lò Siêu, P.16, Q.11, TP.HCM",5510000.0,142.6,,,,38639.55
138,KJXR5C,"501/15H Trần Xuân Soạn, P.Tân Hưng, Q.7, TP.HCM",6740000.0,85.69,,,,78655.62
139,3DRD2Q,"10 Chu Văn An, P.12, Q.Bình Thạnh, TP.HCM",4750000.0,105.75,,,,44917.26
140,RNMRFJ,"102 Tô Ký, P.Đông Hưng Thuận, Q.12, TP.HCM",27000000.0,258.62,1.0,1.0,3.0,104400.28
141,5BPGB7,"49/2/8A Hoài Thanh, P.14, Q.8, TP.HCM",5110000.0,37.59,,,,135940.41
142,SC0035,"41/1/5 Đội Cung, P.11, Q.11, TP.HCM",4600000.0,140.67,,,,32700.65
143,6A44V8,"41/1/1 Đội Cung, P.11, Q.11, TP.HCM",4400000.0,144.26,,,,30500.49
144,8YWFP3,"112A Hoàng Diệu, P.13, Q.4, TP.HCM",8600000.0,176.95,,,,48601.3
145,3DWWSQ,"506/49/11B Lạc Long Quân, P.14, Q.11, TP.HCM",5380000.0,97.54,,,,55156.86
146,6AF708,"24C Tam Châu, P.An Phú Đông, Q.12, TP.HCM",9930000.0,20.75,,,,478554.22
147,6A4W68,"523/48 Tổ 55 Kp5, P.Hiệp Thành, Q.12, TP.HCM",9400000.0,49.36,,,,190437.6
148,SC0PU5,"18A21 Tân Hòa Đông, P.Phú Lâm, Q.6, TP.HCM",6600000.0,79.51,,,,83008.43
149,RTQQTJ,"27/40/34 Huỳnh Tịnh Của, P.8, Q.3, TP.HCM",6500000.0,107.79,,,,60302.44
150,85FPX3,"Hoài Thanh, P.14, Q.8, TP.HCM",3000000.0,0.0,2.0,2.0,2.0,inf
151,EP1V84,"218/228/6 Tổ 49 KP4, P.Trung Mỹ Tây, Q.12, TP.HCM",6400000.0,50.27,,,,127312.51
152,W0NE0R,"165/36A Nguyễn Văn Luông, P.10, Q.6, TP.HCM",12800000.0,197.56,2.0,3.0,3.0,64790.44
153,5DEK57,"220/30 Thới An 32, P.Thới An, Q.12, TP.HCM",4950000.0,97.63,3.0,2.0,2.0,50701.63
154,DERR4H,"141/9 Bàn Cờ, P.3, Q.3, TP.HCM",25000000.0,279.64,4.0,4.0,4.0,89400.66
155,6S72C8,"465/6 Hòa Hảo, P.8, Q.10, TP.HCM",5950000.0,280.66,4.0,3.0,4.0,21200.03
156,UY223S,"322/7 Vĩnh Viễn, P.4, Q.10, TP.HCM",3990000.0,114.0,2.0,1.0,2.0,35000.0
157,377S6Q,"51/26/12 Vườn Lài, P.An Phú Đông, Q.12, TP.HCM",13000000.0,83.65,2.0,3.0,3.0,155409.44
158,UYKXRS,"127/99/19 Âu cơ, P.14, Q.11, TP.HCM",5950000.0,179.21,4.0,3.0,3.0,33201.27
159,1UK786,"49/3 Khánh Hội, P.3, Q.4, TP.HCM",6950000.0,192.52,5.0,3.0,4.0,36100.15
160,40RSHF,"112/9/8 An Bình, P.5, Q.5, TP.HCM",6180000.0,249.19,3.0,3.0,4.0,24800.35
161,G17S72,"38 Đường 38, P.Hiệp Bình Chánh, TP.Thủ Đức, TP.HCM",7310000.0,41.16,,,,177599.61
162,3SDJ5Q,"428/6/13-15 An Dương Vương, P.16, Q.8, TP.HCM",13000000.0,180.3,12.0,12.0,1.0,72102.05
163,7KR6KA,"254/40 Thái Phiên, P.8, Q.11, TP.HCM",11000000.0,167.42,10.0,6.0,6.0,65703.02
164,GNAPJ2,"59/35b đường 12, Trường Thạnh, Q.9, TP.HCM",1500000.0,29.94,2.0,2.0,2.0,50100.2
165,UABYXS,"227/5/15 Gò Dầu, P.Tân Quý, Q.Tân Phú, TP.HCM",11000000.0,114.94,5.0,4.0,4.0,95702.11
166,SDBZY5,"600/2/3Q Hồng Bàng, P.16, Q.11, TP.HCM",6900000.0,158.98,4.0,4.0,4.0,43401.69
167,PXTNAG,"867/21 Vườn Lài, P.An Phú Đông, Q.12, TP.HCM",4700000.0,79.12,2.0,2.0,2.0,59403.44
168,AC0CDY,"43/29 Tú Mỡ, P.7, Q.Gò Vấp, TP.HCM",8980000.0,162.68,3.0,3.0,4.0,55200.39
169,5HF6G7,"188/22 Cao Đạt, P.1, Q.5, TP.HCM",9500000.0,197.91,2.0,1.0,2.0,48001.62
170,9TV1YP,"343/20 Vĩnh Viễn, P.8, Q.10, TP.HCM",7800000.0,323.65,1.0,1.0,4.0,24100.11
171,UYDDFS,"MPN 109/9B Thạnh Xuân 22, P.Thạnh Xuân, Q.12, TP.HCM",4000000.0,78.89,1.0,1.0,1.0,50703.51
172,QHJRNU,"13/25 Nguyễn Văn Săng, P.Tân Sơn, Q.Tân Phú, TP.HCM",7500000.0,160.25,,,,46801.87
173,7KY4SA,"6/23F Chánh Hưng, P.Hưng Phú, Q.8, TP.HCM",3480000.0,124.73,2.0,1.0,2.0,27900.26
174,8S6PD3,"75/44/17 D9, P.Tây Thạnh, Q.Tân Phú, TP.HCM",2650000.0,126.19,2.0,2.0,2.0,21000.08
175,6AFA98,"87/117/36/21 Nguyễn Sỹ Sách, P.15, Q.Tân Bình, TP.HCM",17100000.0,94.53,,,,180894.95
176,UYEYHS,"Trần Quang Khải, P.Tân Định, Q.1, TP.HCM",22000000.0,321.63,4.0,3.0,4.0,68401.58
177,5HK3V7,"958/31 Hậu Giang, P.12, Q.6, TP.HCM",5350000.0,108.51,2.0,2.0,2.0,49304.21
178,37UVXQ,"751/2 Ba Đình, P.Hưng Phú, Q.8, TP.HCM",4780000.0,133.51,2.0,2.0,2.0,35802.56
179,87UPA3,"59/160/51/3 đường 102, Tăng Nhơn Phú A, Q.9, TP.HCM",5850000.0,105.21,2.0,2.0,2.0,55603.08
180,SDCQ95,"550/25/8 Hồng Bàng, P.16, Q.11, TP.HCM",1460000.0,153.68,2.0,1.0,2.0,9500.26
181,375VPQ,"62/115 Lý Chính Thắng, P.8, Q.3, TP.HCM",4950000.0,177.1,2.0,3.0,2.0,27950.31
182,375JKQ,"48F/13E Hoàng Sĩ Khải, P.14, Q.8, TP.HCM",2980000.0,79.25,2.0,2.0,2.0,37602.52
183,2MXDTZ,"363/21/31 Đất Mới, P.Bình Trị Đông A, Q.Bình Tân, TP.HCM",4000000.0,93.67,3.0,1.0,2.0,42703.11
184,ACGM9Y,"Vườn Lài, P.An Phú Đông, Q.12, TP.HCM",7500000.0,118.85,11.0,11.0,6.0,63104.75
185,9TMEZP,"129/9C/19 Mễ Cốc, P.15, Q.8, TP.HCM",4850000.0,133.6,4.0,4.0,4.0,36302.4
186,ACKFPY,"268/2/14 Tô Ngọc Vân, P.Thới An, Q.12, TP.HCM",5950000.0,81.61,4.0,5.0,3.0,72907.73
187,5D5687,"88 Chợ Lớn, P.11, Q.6, TP.HCM",18500000.0,231.25,3.0,3.0,2.0,80000.0
188,13DN96,"266/40/32 Tôn Đản, P.08, Q.4, TP.HCM",5290000.0,93.62,3.0,2.0,2.0,56505.02
189,7K9MKA,"39/11 Lưu Trọng Lư, P.Tân Thuận Đông, Q.7, TP.HCM",3990000.0,177.33,2.0,2.0,2.0,22500.42
190,DERJFH,"543/14A Nguyễn Đình Chiểu, P.2, Q.3, TP.HCM",14000000.0,434.78,4.0,4.0,5.0,32200.19
191,ACB5AY,"129/4B Hiệp Thành 45, P.Hiệp Thành, Q.12, TP.HCM",2990000.0,91.43,2.0,2.0,2.0,32702.61
192,ACKHFY,"76/3A Nguyên Hồng, P.11, Q.Bình Thạnh, TP.HCM",13000000.0,164.14,6.0,4.0,5.0,79200.68
193,85Q1R3,"117H/37 Nguyễn Duy, P.14, Q.8, TP.HCM",3580000.0,152.34,4.0,2.0,4.0,23500.07
194,KFF9WC,"167/23 Thới An 13, P.Thới An, Q.12, TP.HCM",8390000.0,126.92,6.0,7.0,5.0,66104.63
195,6SS7M8,"174/8 Nguyễn Thiện Thuật, P.3, Q.3, TP.HCM",9000000.0,379.74,2.0,2.0,3.0,23700.43
196,0ZPHP9,"MPN 409/108/32/51 Huỳnh Thị Hai, P.Tân Chánh Hiệp, Q.12, TP.HCM",4000000.0,78.43,2.0,2.0,2.0,51000.89
197,SD7TR5,"202/6/11 Lý thường Kiệt, P.14, Q.10, TP.HCM",3000000.0,206.89,2.0,3.0,2.0,14500.46
198,GN9UJ2,"84/60 Hòa Hưng, P.13, Q.10, TP.HCM",7500000.0,174.82,2.0,2.0,3.0,42901.27
199,DBV14H,"231/67/11 Bình Tiên, P.8, Q.6, TP.HCM",4500000.0,109.75,3.0,2.0,2.0,41002.28
200,42XPPF,"Thống Nhất, P.16, Q.Gò Vấp, TP.HCM",20000000.0,137.93,5.0,5.0,4.0,145001.09
201,1USNX6,"72/2/6 Thới An 10, P.Thới An, Q.12, TP.HCM",2850000.0,96.93,3.0,1.0,2.0,29402.66
202,SDKYX5,"258/7/22/2/3 Bông Sao, P.5, Q.8, TP.HCM",4980000.0,192.27,3.0,4.0,4.0,25901.08
203,UAQZ5S,"111K1/10D Bình Đông, P.14, Q.8, TP.HCM",2300000.0,141.97,2.0,1.0,2.0,16200.61
204,6SHWD8,"Thạnh Lộc 15, P.Thạnh Lộc, Q.12, TP.HCM",2750000.0,87.02,2.0,1.0,2.0,31601.93
205,UYD8AS,"345/26 Hậu Giang, P.2, Q.6, TP.HCM",3350000.0,125.0,2.0,1.0,2.0,26800.0
206,WP87YR,"1422/24/13A Huỳnh Tấn Phát, P.Phú Mỹ, Q.7, TP.HCM",5000000.0,58.58,2.0,1.0,1.0,85353.36
207,J26EB0,"229/55/6 Tây Thạnh, P.Tây Thạnh, Q.Tân Phú, TP.HCM",4950000.0,118.99,2.0,2.0,2.0,41600.13
208,EPDSM4,"185/65 Bà Hom, P.13, Q.6, TP.HCM",4200000.0,108.8,1.0,1.0,2.0,38602.94
209,PN1UHG,"243/4 Tô Hiến Thành, P.13, Q.10, TP.HCM",29000000.0,304.62,8.0,4.0,4.0,95200.58
210,7KECXA,"436A/6 đường 3/2, P.10, Q.10, TP.HCM",42000000.0,392.15,4.0,4.0,5.0,107101.87
211,37UNZQ,"122/5/14/2B Tôn Đản, P.8, Q.4, TP.HCM",3150000.0,110.91,1.0,1.0,2.0,28401.41
212,5B3M57,"82 Đông Tác, Dĩ An, Dĩ An, TP.HCM",6900000.0,95.83,4.0,4.0,3.0,72002.5
213,37APFQ,"111/2 Vườn Lài, P.Phú Thọ Hòa, Q.Tân Phú, TP.HCM",19000000.0,120.78,17.0,17.0,6.0,157310.81
214,2XGR7Z,"157/2 Trần Văn Đang, P.11, Q.3, TP.HCM",18000000.0,150.0,8.0,4.0,3.0,120000.0
215,85RYC3,"105/12/16B đường TTN08, P.Tân Thới Nhất, Q.12, TP.HCM",4900000.0,57.51,6.0,6.0,2.0,85202.57
216,SD7HQ5,"125/31 Tám Danh, P.4, Q.8, TP.HCM",6280000.0,87.83,3.0,2.0,2.0,71501.76
217,5EWQM7,"35/12E Trung đông 7, Xã Thới Tam Thôn, H.Hóc Môn, TP.HCM",2700000.0,56.48,2.0,1.0,2.0,47804.53
218,SYP0T5,"167/12A Gò Xoài, P.Bình Hưng Hoà A, Q.Bình Tân, TP.HCM",6250000.0,97.96,2.0,2.0,2.0,63801.55
219,QAHHZU,"Một phần nhà số 80/19 TX 52, P.Thạnh Xuân, Q.12, TP.HCM",4000000.0,75.04,2.0,1.0,1.0,53304.9
220,K4K44C,"102/2 HT35, P.Hiệp Thành, Q.12, TP.HCM",4450000.0,104.21,3.0,4.0,3.0,42702.24
221,5H89X7,"43/5 đường số 120, Tân Phú, Q.9, TP.HCM",10000000.0,53.96,2.0,1.0,1.0,185322.46
222,6U6ZN8,"29/1C Lê Lợi, P.1, Q.Gò Vấp, TP.HCM",13000000.0,111.3,6.0,4.0,4.0,116801.44
223,6S56M8,"47/3 Nguyễn Du, P.7, Q.Gò Vấp, TP.HCM",2980000.0,130.7,2.0,1.0,2.0,22800.31
224,W9N8AR,"88/48A Vũ Tùng, P.2, Q.Bình Thạnh, TP.HCM",1900000.0,190.0,2.0,1.0,2.0,10000.0
225,EJMXV4,"45/34 TL 04, P.An Phú Đông, Q.12, TP.HCM",3830000.0,59.47,2.0,1.0,1.0,64402.22
226,DE2GEH,"417/95/87 Quang Trung, P.10, Q.Gò Vấp, TP.HCM",4950000.0,155.17,2.0,2.0,2.0,31900.5
227,40MRBF,"45/13 Phạm Hùng, P.Hưng Phú, Q.8, TP.HCM",7200000.0,174.75,3.0,3.0,3.0,41201.72
228,1QMB96,"40/30/5/10 Thạnh Lộc 44, P.Thạnh Lộc, Q.12, TP.HCM",6000000.0,100.84,6.0,5.0,5.0,59500.2
229,SD7CS5,"312/46A Âu Dương Lân, P.Rạch Ông, Q.8, TP.HCM",3980000.0,170.81,1.0,1.0,1.0,23300.74
230,KFESQC,"185H4 Mai Xuân Thưởng, P.2, Q.6, TP.HCM",9500000.0,138.68,3.0,1.0,1.0,68503.03
231,5HRQT7,"265/50/2/7 Trường Chinh, P.Tân Thới Nhất, Q.12, TP.HCM",9200000.0,144.2,4.0,5.0,5.0,63800.28
232,SDBEV5,"68/32/23 Thới An 20, P.Thới An, Q.12, TP.HCM",3890000.0,97.0,2.0,2.0,2.0,40103.09
233,7HEMKA,"1122/8/6 Quang Trung, P.8, Q.Gò Vấp, TP.HCM",9000000.0,176.47,4.0,5.0,5.0,51000.17
234,9V3BGP,"52/6 Hoàng Diệu 2, P.Linh Chiểu, TP.Thủ Đức, TP.HCM",4430000.0,51.97,,,,85241.49
235,AKNPKY,"6/4 đường số 44, P.14, Q.Gò Vấp, TP.HCM",7000000.0,112.35,3.0,4.0,3.0,62305.3
236,7H2F9A,"79/1 Tây Sơn, P.Tân Quý, Q.Tân Phú, TP.HCM",2250000.0,142.4,1.0,1.0,2.0,15800.56
237,7KE10A,"453/67/31 Lê Văn Khương, P.Tân Thới Hiệp, Q.12, TP.HCM",5990000.0,61.12,4.0,3.0,2.0,98003.93
238,PZY73G,"20/5 đường 176, Phước Long A, Q.9, TP.HCM",4150000.000000001,118.23,2.0,2.0,2.0,35101.07
239,RC9MJQ,"54/37 Đình Nghi Xuân, P.Bình Trị Đông, Q.Bình Tân, TP.HCM",6900000.0,92.75,2.0,3.0,3.0,74393.53
240,EJRBT4,"282/5A Cống Quỳnh, P.Phạm Ngũ Lão, Q.1, TP.HCM",2200000.0,122.22,2.0,2.0,2.0,18000.33
241,AK0D5Y,"88/1 Vũ Tùng, P.2, Q.Bình Thạnh, TP.HCM",4950000.0,255.15,4.0,3.0,3.0,19400.35
242,R2EYRJ,"44/16 đường số 4, P.Bình Hưng Hoà A, Q.Bình Tân, TP.HCM",4980000.0,128.68,2.0,3.0,2.0,38700.65
243,UDB9HS,"383/3/40A Quang Trung, P.10, Q.Gò Vấp, TP.HCM",6500000.0,103.17,2.0,2.0,2.0,63002.81
244,UAH19S,"86B4 Võ Thị Sáu, P.Tân Định, Q.1, TP.HCM",28000000.0,248.22,5.0,6.0,4.0,112803.16
245,JPWD90,"4/9 Văn Chung, P.13, Q.Tân Bình, TP.HCM",37500000.0,2.8,3.0,2.0,2.0,13392857.14
246,ACCDEY,"38/6/10 Đình Quới An, P.Thới An, Q.12, TP.HCM",6500000.0,108.51,4.0,5.0,5.0,59902.31
247,J2Z7C0,"1396/10 Quang Trung, P.14, Q.Gò Vấp, TP.HCM",9950000.0,155.46,2.0,2.0,2.0,64003.6
248,ERZ1U4,"23/15 đường số 1, P.Bình Thuận, Q.7, TP.HCM",42000000.0,139.44,8.0,8.0,2.0,301204.82
249,2XVPUZ,"125/17/18 Vạn Kiếp, P.1, Q.Bình Thạnh, TP.HCM",4990000.0,185.5,2.0,3.0,3.0,26900.27
250,PNFH6G,"Lạc Long Quân, P.3, Q.11, TP.HCM",3980000.0,228.73,2.0,2.0,3.0,17400.43
251,GX8KF2,"18/14/16 Thạnh Lộc 38, P.Thạnh Lộc, Q.12, TP.HCM",3250000.0,69.74,2.0,2.0,2.0,46601.66
252,8SAZS3,"157A1/3 Dương Bá Trạc, P.Rạch Ông, Q.8, TP.HCM",4500000.0,116.58,2.0,1.0,2.0,38600.1
253,CWURTB,"861/3 Trần Xuân Soạn, P.Tân Hưng, Q.7, TP.HCM",12000000.0,129.65,1.0,1.0,1.0,92556.88
254,CW785B,"Hồng Bàng, P.16, Q.11, TP.HCM",4230000.0,119.49,1.0,1.0,2.0,35400.45
255,85GR43,"MPN 77 Thạnh Lộc 49, P.An Phú Đông, Q.12, TP.HCM",4650000.0,85.47,2.0,2.0,2.0,54405.05
256,5HBT07,"Nguyễn Văn Quỳ, P.Phú Thuận, Q.7, TP.HCM",4380000.0,133.53,2.0,2.0,2.0,32801.62
257,6S5BH8,"51/50 Phạm Thế Hiển, P.Rạch Ông, Q.8, TP.HCM",5580000.0,97.55,3.0,2.0,2.0,57201.44
258,5Y89X7,"55 đường số 17, P.4, Q.8, TP.HCM",4700000.0,148.5,2.0,1.0,2.0,31649.83
259,7K1N6A,"253/58 Trần Xuân Soạn, P.Tân Kiểng, Q.7, TP.HCM",4950000.0,71.32,5.0,5.0,3.0,69405.5
260,QAEB2U,"1/3 Mạc Hiển Tích, Long Bình, Q.9, TP.HCM",3000000.0,37.26,3.0,3.0,1.0,80515.3
261,7EGP6A,"36/4/37 Đường Huỳnh Văn Nghệ, P.15, Q.Tân Bình, TP.HCM",7300000.0,80.57,,,,90604.44
262,SK29X5,"Thành Thái, P.14, Q.10, TP.HCM",15900000.0,221.14,2.0,2.0,2.0,71900.15
263,YBBPHD,"44/6 Hiệp Thành 43, P.Hiệp Thành, Q.12, TP.HCM",11000000.0,58.1,2.0,2.0,2.0,189328.74
264,0ZN4P9,"704/13/1B Hương Lộ 2, P.Bình Hưng Hoà A, Q.Bình Tân, TP.HCM",6950000.0,119.0,4.0,4.0,4.0,58403.36
265,SDDWS5,"591/10 Bình Thới, P.10, Q.11, TP.HCM",5680000.0,227.2,4.0,3.0,3.0,25000.0
266,37S4CQ,"129/14D Nguyễn Trãi, P.2, Q.5, TP.HCM",5690000.0,204.67,3.0,4.0,4.0,27800.85
267,WPPENR,"38 Lô 17 Hưng Phú, P.Hưng Phú, Q.8, TP.HCM",7680000.0,125.49,9.0,4.0,4.0,61200.1
268,5H4FH7,"109/F1/17 Bến Vân Đồn, P.4, Q.4, TP.HCM",35000000.0,309.46,1.0,1.0,2.0,113100.24
269,0ZXT69,"MPN 22 Thạnh Lộc 57, P.Thạnh Lộc, Q.12, TP.HCM",3700000.0,57.27,1.0,1.0,1.0,64606.25
270,KFWZ0C,"14B/15 Hưng Phú, P.Hưng Phú, Q.8, TP.HCM",3280000.0,131.2,2.0,1.0,2.0,25000.0
271,SYSMP5,"1247/104E Huỳnh Tấn Phát, P.Phú Thuận, Q.7, TP.HCM",3950000.0,0.1,3.0,3.0,3.0,39500000.0
272,W9BB3R,"Nguyễn Hiền, P.4, Q.3, TP.HCM",11500000.0,226.37,6.0,4.0,4.0,50801.78
273,RG25SJ,"198/20 Võ Văn Tần, P.5, Q.3, TP.HCM",4950000.0,221.97,2.0,3.0,4.0,22300.31
274,AC9DUY,"656/74/137 Quang Trung, P.11, Q.Gò Vấp, TP.HCM",5980000.0,125.36,4.0,2.0,2.0,47702.62
275,5HAVV7,"127/54 Cô Giang, P.2, Q.Phú Nhuận, TP.HCM",4000000.0,408.16,2.0,3.0,4.0,9800.08
276,ABD15Y,"57/18A Trần Thị Hè, P.Hiệp Thành, Q.12, TP.HCM",2090000.0,92.47,2.0,2.0,2.0,22601.92
277,GXWC82,"Tân Hòa Đông, P.14, Q.6, TP.HCM",5980000.0,228.24,5.0,4.0,5.0,26200.49
278,5H0NE7,"956/6/10 Âu Cơ, P.14, Q.Tân Bình, TP.HCM",7350000.0,100.54,2.0,2.0,2.0,73105.23
279,WPXHWR,"Nguyễn Kiệm, P.9, Q.Phú Nhuận, TP.HCM",32000000.0,310.98,8.0,8.0,4.0,102900.51
280,KF0SMC,"920/24 Nguyễn Kiệm, P.3, Q.Gò Vấp, TP.HCM",11000000.0,132.05,3.0,3.0,3.0,83301.78
281,6SAJE8,"80/13 Nguyễn Văn Trỗi, P.8, Q.Phú Nhuận, TP.HCM",4050000.0,208.76,4.0,3.0,3.0,19400.27
282,QADSYU,"378/29/22 An Dương Vương, P.4, Q.5, TP.HCM",5680000.0,230.89,4.0,3.0,3.0,24600.46
283,J2GQH0,"309/4 Nguyễn Oanh, P.17, Q.Gò Vấp, TP.HCM",4150000.000000001,166.0,2.0,2.0,2.0,25000.0
284,UAU8CS,"195/22/11 Quộc Lộ 1A, P.An Phú Đông, Q.12, TP.HCM",4400000.0,47.93,1.0,1.0,1.0,91800.54
285,5DSTX7,"35/6 Cách Mạng, P.Phú Thọ Hòa, Q.Tân Phú, TP.HCM",3450000.0,1.15,1.0,1.0,1.0,3000000.0
286,5DHU67,"21/30 Vạn Kiếp, P.1, Q.Bình Thạnh, TP.HCM",5800000.0,287.12,2.0,3.0,3.0,20200.61
287,3576TQ,"41/10B Lương Văn Can, P.15, Q.8, TP.HCM",3880000.0,118.29,3.0,2.0,3.0,32800.74
288,3SVEFQ,"Cộng Hoà, P.4, Q.Tân Bình, TP.HCM",16000000.0,208.98,3.0,3.0,4.0,76562.35
289,DC5F2H,"150/43A Nguyễn Trãi, P.Bến Thành, Q.1, TP.HCM",45000000.0,750.0,3.0,4.0,5.0,60000.0
290,6QGWJ8,"881C Ba Đình, P.Hưng Phú, Q.8, TP.HCM",10880000.0,87.6,5.0,3.0,3.0,124200.91
291,EJ0H94,"306/73A Vườn Lài, P.An Phú Đông, Q.12, TP.HCM",11600000.0,107.3,4.0,2.0,3.0,108108.11
292,S10W5Y,"Hoàng Hoa Thám, P.7, Q.Bình Thạnh, TP.HCM",22500000.0,144.5,3.0,5.0,3.0,155709.34
293,9NNH2P,"31/25/1 Lê Lai, P.3, Q.Gò Vấp, TP.HCM",3650000.0,136.7,2.0,2.0,2.0,26700.8
294,40N5QF,"282A/41 Nguyễn Tri Phương, P.4, Q.10, TP.HCM",4650000.0,255.49,2.0,3.0,3.0,18200.32
295,7KWCZA,"744/15 Nguyễn Kiệm, P.4, Q.Phú Nhuận, TP.HCM",6250000.0,224.82,3.0,4.0,4.0,27800.02
296,SDEPS5,"59/27 Hồng Lạc, P.10, Q.Tân Bình, TP.HCM",16000000.0,132.66,4.0,4.0,2.0,120609.08
297,7K4W6A,"141/37/5 Thạnh Lộc 19, P.Thạnh Lộc, Q.12, TP.HCM",3100000.0,128.09,2.0,2.0,2.0,24201.73
298,GXTRV2,"959/22 Nguyễn Kiệm, P.3, Q.Gò Vấp, TP.HCM",4100000.0,120.58,2.0,1.0,2.0,34002.32
299,SYSY65,"385/34/2 Quang Trung, P.10, Q.Gò Vấp, TP.HCM",6500000.0,102.84,3.0,2.0,2.0,63204.98
300,SYR4N5,"364/26/11 Tô Ký, P.Tân Chánh Hiệp, Q.12, TP.HCM",3150000.0,100.0,2.0,2.0,2.0,31500.0
301,W9G4TR,"490/2A Lê Văn Sỹ, P.14, Q.3, TP.HCM",12000000.0,196.72,4.0,5.0,4.0,61000.41
302,9ZNGQP,"142D/27 Cô Giang, P.2, Q.Phú Nhuận, TP.HCM",9800000.0,162.52,2.0,2.0,2.0,60300.27
303,QAYYZU,"42/27 Nguyễn Thượng Hiền, P.5, Q.3, TP.HCM",6000000.0,193.54,2.0,1.0,2.0,31001.34
304,ABH1SY,"Hà Huy Giáp, P.Thới An, Q.12, TP.HCM",4750000.0,84.67,2.0,2.0,2.0,56100.15
305,YEHTRD,"888/6 Quang Trung, P.10, Q.Gò Vấp, TP.HCM",5250000.0,165.61,3.0,2.0,2.0,31700.98
306,SDV685,"302/26 Thạnh Xuân 31, P.Thạnh Xuân, Q.12, TP.HCM",3750000.0,68.55,3.0,1.0,2.0,54704.6
307,85HXA3,"518/2/20 Lê Văn Sỹ, P.11, Q.Phú Nhuận, TP.HCM",6000000.0,160.42,2.0,2.0,3.0,37401.82
308,85APS3,"480/19 Lạc Long Quân, P.5, Q.11, TP.HCM",8000000.0,183.48,4.0,3.0,3.0,43601.48
309,7KCZFA,"275/27 Quang Trung, P.10, Q.Gò Vấp, TP.HCM",2850000.0,158.24,2.0,3.0,3.0,18010.62
310,PNZ1KG,"1/50/16 Thanh Đa, P.27, Q.Bình Thạnh, TP.HCM",5860000.0,180.3,3.0,2.0,2.0,32501.39
311,6U62R8,"TK6/18 Võ Văn Kiệt, P.Cầu Kho, Q.1, TP.HCM",6900000.0,252.74,3.0,1.0,2.0,27300.78
312,9Z9XBP,"327/17/8 Quang Trung, P.10, Q.Gò Vấp, TP.HCM",2950000.0,162.98,2.0,1.0,2.0,18100.38
313,7HWMYA,"88/23 Hiệp Thành 26, P.Hiệp Thành, Q.12, TP.HCM",4480000.0,97.6,2.0,2.0,2.0,45901.64
314,3SCDZQ,"1264/57/58 Lê Đức Thọ, P.15, Q.Gò Vấp, TP.HCM",9000000.0,77.58,4.0,2.0,2.0,116009.28
315,GXNQB2,"2A/14 Hưng Phú, P.Hưng Phú, Q.8, TP.HCM",4480000.0,127.27,3.0,2.0,2.0,35200.75
316,0T2QB9,"46/7 Thị Trần, TT.Hóc Môn, H.Hóc Môn, TP.HCM",6900000.0,95.17,5.0,6.0,4.0,72501.84
317,QAX6WU,"123/13/4A Thạnh Xuân 22, P.Thạnh Xuân, Q.12, TP.HCM",4320000.0,70.47,1.0,1.0,1.0,61302.68
318,5HTF67,"220/48 Âu Cơ, P.9, Q.Tân Bình, TP.HCM",15900000.0,198.75,4.0,4.0,5.0,80000.0
319,DENDVH,"102/4A Thạnh Lộc 17, P.Thạnh Lộc, Q.12, TP.HCM",5850000.0,97.5,3.0,4.0,3.0,60000.0
320,7KJCMA,"đường số 59, P.14, Q.Gò Vấp, TP.HCM",12000000.0,188.08,9.0,10.0,5.0,63802.64
321,7KFCTA,"MPN 161/19 Thạnh Lộc 15, P.An Phú Đông, Q.12, TP.HCM",5630000.0,102.36,4.0,5.0,5.0,55001.95
322,UYHX3S,"37/26 Nguyễn Ngọc Lộc, P.14, Q.10, TP.HCM",4300000.0,164.12,2.0,1.0,2.0,26200.34
323,1UU186,"1306/27 Quang Trung, P.14, Q.Gò Vấp, TP.HCM",4690000.0,128.49,2.0,2.0,2.0,36500.9
324,GXNAR2,"854/47/17M Thống Nhất, P.15, Q.Gò Vấp, TP.HCM",3450000.0,285.12,2.0,2.0,2.0,12100.17
325,ACKW9Y,"49/22/13A Nguyễn Văn Đậu, P.5, Q.Bình Thạnh, TP.HCM",9000000.0,170.45,7.0,7.0,4.0,52801.41
326,W9M9TR,"272/15 Gò Xoài, P.Bình Hưng Hoà A, Q.Bình Tân, TP.HCM",6100000.0,95.91,3.0,2.0,2.0,63601.29
327,RPMVGJ,"506/49/20E Lạc Long Quân, P.5, Q.11, TP.HCM",2890000.0,186.45,2.0,2.0,2.0,15500.13
328,8SK7F3,"385/33/37 Quang Trung, P.10, Q.Gò Vấp, TP.HCM",4750000.0,76.41,3.0,3.0,2.0,62164.64
329,5DDMX7,"15/40/92 đường Số 59, P.14, Q.Gò Vấp, TP.HCM",4970000.0,112.44,3.0,2.0,2.0,44201.35
330,UXW0S5,"106/37 Bình Lợi, P.13, Q.Bình Thạnh, TP.HCM",15000000.0,195.0,3.0,3.0,4.0,76923.08
331,ETWJ4W,"63/105 Lê Trọng Lư, P.Tân Thuận Đông, Q.7, TP.HCM",8000000.0,133.33,2.0,2.0,2.0,60001.5
332,8YW4G3,"118/22 Lê Trọng Tấn, P.Tây Thạnh, Q.Tân Phú, TP.HCM",6900000.0,94.65,,,,72900.16
333,SHDVR5,"673/1A Hà Huy Giáp, P.Thạnh Xuân, Q.12, TP.HCM",5200000.0,89.5,2.0,1.0,2.0,58100.56
334,R29HBJ,"197/27/8/5A Thạnh Lộc 15, P.Thạnh Lộc, Q.12, TP.HCM",3200000.0,60.95,2.0,1.0,1.0,52502.05
335,0TPWV9,"572/19/7/7 Âu Cơ, P.10, Q.Tân Bình, TP.HCM",2950000.0,136.57,2.0,3.0,3.0,21600.64
336,QANQ8U,"4/12 Thạnh Lộc 29, P.Thạnh Lộc, Q.12, TP.HCM",6300000.0,92.64,4.0,3.0,4.0,68005.18
337,2MEQ8Z,"1162/2 Quang Trung, P.8, Q.Gò Vấp, TP.HCM",8400000.0,144.82,4.0,5.0,4.0,58003.04
338,AC2JCY,"Thạnh Xuân 22, P.Thạnh Xuân, Q.12, TP.HCM",6200000.0,85.51,5.0,4.0,5.0,72506.14
339,6SYC18,"MPN 87 Thạnh Xuân 33, P.Thạnh Xuân, Q.12, TP.HCM",7600000.0,94.88,5.0,5.0,5.0,80101.18
340,37H7VQ,"440/12/10 Nguyễn Kiệm, P.13, Q.Phú Nhuận, TP.HCM",5900000.0,160.32,5.0,3.0,3.0,36801.4
341,ACE68Y,"337/1 Lưu Hữu Phước, P.15, Q.8, TP.HCM",4300000.0,97.72,3.0,2.0,2.0,44003.27
342,85ASJ3,"535/27/18 Thống Nhất, P.15, Q.Gò Vấp, TP.HCM",3880000.0,219.2,2.0,3.0,2.0,17700.73
343,5HKJ47,"204/20 Nguyễn Oanh, P.17, Q.Gò Vấp, TP.HCM",25500000.0,242.62,20.0,20.0,6.0,105102.63
344,6SUXJ8,"C2/3A/12 Ấp 3A, Xã Vĩnh Lộc B, H.Bình Chánh, TP.HCM",4200000.0,63.63,2.0,2.0,2.0,66006.6
345,5HY617,"198b/9 Dương Bá Trạc, P.Rạch Ông, Q.8, TP.HCM",5600000.0,142.13,3.0,3.0,2.0,39400.55
346,RG95AJ,"90/29 Lê Hồng Phong, P.2, Q.5, TP.HCM",7300000.0,266.42,3.0,3.0,2.0,27400.35
347,1Q7HY6,"đường số 5, Bình Trưng Tây, Q.2, TP.HCM",18500000.0,265.04,4.0,4.0,5.0,69800.78
348,GNX5E2,"417/106 Quang Trung, P.10, Q.Gò Vấp, TP.HCM",3480000.0,132.82,3.0,2.0,3.0,26200.87
349,JZZW20,"106C/121-123 Lạc Long Quân, P.3, Q.11, TP.HCM",25000000.0,311.72,21.0,21.0,5.0,80200.18
350,KWBFFC,"269/11/8 Nguyễn Trãi, P.Nguyễn Cư Trinh, Q.1, TP.HCM",16500000.0,293.07,9.0,9.0,6.0,56300.54
351,JZGFZ0,"145/60A Ấp 3, Xã Đông Thạnh, H.Hóc Môn, TP.HCM",6200000.0,45.82,1.0,1.0,1.0,135312.09
352,40YY2F,"142/6 Cô Giang, P.2, Q.Phú Nhuận, TP.HCM",6350000.0,156.4,3.0,2.0,2.0,40601.02
353,UYT0XS,"MPN 514/3/33 Lê Đức Thọ, P.17, Q.Gò Vấp, TP.HCM",4950000.0,70.41,2.0,1.0,2.0,70302.51
354,UY2NJS,"79/51/3A Thống Nhất, P.11, Q.Gò Vấp, TP.HCM",5350000.0,144.2,3.0,2.0,3.0,37101.25
355,6SHYZ8,"252/6S Phạm Văn Chiêu, P.9, Q.Gò Vấp, TP.HCM",5950000.0,166.66,3.0,3.0,4.0,35701.43
356,402MMF,"87/19 Thạnh Xuân 33, P.Thạnh Xuân, Q.12, TP.HCM",7600000.0,102.42,5.0,5.0,5.0,74204.26
357,7KB14A,"86/2/26 Ông Ích Khiêm, P.1, Q.11, TP.HCM",4700000.0,140.71,2.0,2.0,2.0,33402.03
358,377DSQ,"51/12G Nguyễn Trãi, P.2, Q.5, TP.HCM",6680000.0,351.57,3.0,3.0,3.0,19000.48
359,9T2CXP,"1041/62/10/9 Trần Xuân Soạn, P.Tân Hưng, Q.7, TP.HCM",5690000.0,121.32,3.0,2.0,2.0,46900.76
360,0ZGKP9,"861/18/25B Trần Xuân Soạn, P.Tân Hưng, Q.7, TP.HCM",6700000.0,114.72,3.0,3.0,2.0,58403.07
361,2XV34Z,"207/64A Nguyễn Văn Đậu, P.11, Q.Bình Thạnh, TP.HCM",28000000.0,202.02,21.0,21.0,6.0,138600.14
362,5DDEB7,"417/49/28A Quang Trung, P.10, Q.Gò Vấp, TP.HCM",4380000.0,144.55,1.0,1.0,1.0,30300.93
363,3N11Q3,"Nguyễn Xí, P.26, Q.Bình Thạnh, TP.HCM",10500000.0,0.0,4.0,4.0,2.0,inf
364,DDQ5HF,"Huỳnh Tấn Phát, P.Tân Phú, Q.7, TP.HCM",7880000.0,194.59,3.0,3.0,3.0,40495.4
365,7CK0BA,"362/12/37 Thống Nhất, P.16, Q.Gò Vấp, TP.HCM",7290000.0,138.33,5.0,5.0,5.0,52700.07
366,1S3KF6,"576/34 Quang Trung, P.11, Q.Gò Vấp, TP.HCM",6550000.0,118.87,3.0,3.0,2.0,55102.21
367,J2YNW0,"1005/61/38 Nguyễn Kiệm, P.3, Q.Gò Vấp, TP.HCM",3200000.0,164.1,2.0,2.0,2.0,19500.3
368,850M13,"147/95 Thạnh Lộc 37, P.Thạnh Lộc, Q.12, TP.HCM",5500000.0,146.27,3.0,3.0,3.0,37601.7
369,7KJU0A,"212/158/238 Nguyễn Văn Nguyễn, P.Tân Định, Q.1, TP.HCM",3450000.0,273.8,1.0,2.0,2.0,12600.44
370,J262G0,"43/31 Tú Mỡ, P.7, Q.Gò Vấp, TP.HCM",8780000.0,156.5,3.0,4.0,4.0,56102.24
371,7KR6WA,"91/11 Thạnh Xuân 43, P.Thạnh Xuân, Q.12, TP.HCM",4580000.0,113.08,3.0,3.0,3.0,40502.3
372,0Z6189,"160/34/26 Phan Huy Ích, P.12, Q.Gò Vấp, TP.HCM",5980000.0,191.05,4.0,3.0,5.0,31300.71
373,YBF5GD,"70/33 Thạnh Xuân 38, P.Thạnh Xuân, Q.12, TP.HCM",4880000.0,63.62,2.0,3.0,2.0,76705.44
374,SDKYT5,"72/36/7 Nguyễn Ảnh Thủ, P.Hiệp Thành, Q.12, TP.HCM",3550000.0,100.85,2.0,2.0,2.0,35200.79
375,UYDFGS,"330/32 Chiến Lược, P.Bình Trị Đông A, Q.Bình Tân, TP.HCM",4250000.0,118.71,2.0,2.0,2.0,35801.53
376,EJJWM4,"33/20/6 Phan Văn Hớn, P.Tân Thới Nhất, Q.12, TP.HCM",3900000.0,104.27,2.0,2.0,2.0,37402.9
377,UYY5BS,"176/5 Thạnh Lộc 19, P.Thạnh Lộc, Q.12, TP.HCM",4750000.0,100.42,3.0,2.0,2.0,47301.33
378,ACKWGY,"8/34/1A Thạnh Xuân 38, P.Thạnh Xuân, Q.12, TP.HCM",5350000.0,95.02,4.0,4.0,4.0,56303.94
379,YBCF5D,"9/70/26 Thạnh Xuân 24, P.Thới An, Q.12, TP.HCM",6900000.0,67.84,4.0,5.0,4.0,101709.91
380,85UVF3,"180/12 Thạnh Xuân 22, P.Thới An, Q.12, TP.HCM",7350000.0,86.26,4.0,5.0,4.0,85207.51
381,SYGFG5,"728/5/1 Trần Hưng Đạo, P.2, Q.5, TP.HCM",4450000.0,266.46,2.0,2.0,3.0,16700.44
382,35A0DQ,"1122/24C Quang Trung, P.8, Q.Gò Vấp, TP.HCM",14800000.0,164.81,4.0,4.0,6.0,89800.38
383,13QDH6,"Đặng Lộ, P.07, Q.Tân Bình, TP.HCM",6350000.0,146.65,2.0,2.0,2.0,43300.38
384,SC0FX5,"24C Tam Châu, P.Tam Bình, TP.Thủ Đức, TP.HCM",10230000.0,46.71,,,,219010.92
385,PN3K4G,"44/24/2A Tăng Nhơn Phú, Phước Long B, Q.9, TP.HCM",7000000.0,71.72,3.0,2.0,2.0,97601.78
386,3ADXWQ,"312/1/14 Quang Trung, P.6, Q.Gò Vấp, TP.HCM",8790000.0,198.41,3.0,3.0,5.0,44302.2
387,UDY9VS,"467/25 Lê Văn Khương, P.Tân Thới Hiệp, Q.12, TP.HCM",11500000.0,141.1,4.0,4.0,5.0,81502.48
388,RGQ7NJ,"149/2/6 Nguyễn Văn Công, P.3, Q.Gò Vấp, TP.HCM",5950000.0,211.74,3.0,3.0,3.0,28100.5
389,85BAF3,"318/56/9 Thống Nhất, P.16, Q.Gò Vấp, TP.HCM",4650000.0,143.07,3.0,2.0,3.0,32501.57
390,ACJ1MY,"139/10/2 đường số 14, Phước Bình, Q.9, TP.HCM",7100000.0,95.3,3.0,2.0,2.0,74501.57
391,85KNU3,"56/53 Tô Hiến Thành, P.15, Q.10, TP.HCM",5600000.0,109.37,2.0,1.0,2.0,51202.34
392,UYHNRS,"MPN 37/38/5 Lâm Thị Hố, P.Tân Chánh Hiệp, Q.12, TP.HCM",5580000.0,99.82,3.0,4.0,3.0,55900.62
393,9TN3EP,"46/37K Nhiêu Tứ, P.7, Q.Phú Nhuận, TP.HCM",6300000.0,277.53,3.0,3.0,3.0,22700.25
394,400ZMF,"192/27/20/16 Thạnh Lộc 15, P.Thạnh Lộc, Q.12, TP.HCM",5590000.0,110.47,4.0,4.0,5.0,50601.97
395,YBKQZD,"280/12A Thống Nhất, P.16, Q.Gò Vấp, TP.HCM",5800000.0,161.11,4.0,3.0,3.0,36000.25
396,1Q1AB6,"Bạch Đằng, P.14, Q.Bình Thạnh, TP.HCM",16000000.0,156.86,5.0,3.0,3.0,102001.79
397,UKFDVS,"254/49/1E Âu Cơ, P.9, Q.Tân Bình, TP.HCM",8600000.0,186.55,4.0,3.0,4.0,46100.24
398,GXBA62,"208/26/72 đường số 5, P.Bình Hưng Hòa, Q.Bình Tân, TP.HCM",25000000.0,70.62,1.0,4.0,5.0,354007.36
399,WP383R,"91/17/14 Trần Tấn, P.Tân Sơn Nhì, Q.Tân Phú, TP.HCM",4900000.0,85.06,3.0,2.0,2.0,57606.4
400,QAWWZU,"290C/43/12/2 Dương Bá Trạc, P.Rạch Ông, Q.8, TP.HCM",3980000.0,125.15,4.0,3.0,3.0,31801.84
401,6SDSV8,"124/18 Thạnh Lộc 19, P.An Phú Đông, Q.12, TP.HCM",6700000.0,121.15,4.0,5.0,5.0,55303.34
402,5HEFD7,"136/54D Trần Quang Diệu, P.14, Q.3, TP.HCM",6900000.0,226.97,4.0,4.0,5.0,30400.49
403,J2NRP0,"193/17/14 đường số 6, P.Bình Hưng Hoà B, Q.Bình Tân, TP.HCM",4050000.0,82.99,2.0,2.0,2.0,48801.06
404,CW06GB,"55/13/2A đường 18B, P.Bình Hưng Hoà A, Q.Bình Tân, TP.HCM",4450000.0,109.06,2.0,2.0,3.0,40803.23
405,37D7NQ,"86/99/26 Âu Cơ, P.9, Q.Tân Bình, TP.HCM",7400000.0,176.19,4.0,4.0,3.0,42000.11
406,6UH3Z8,"132/13/16/7/10 Mã Lò, P.Bình Trị Đông A, Q.Bình Tân, TP.HCM",2000000.0,132.45,2.0,2.0,2.0,15100.04
407,GVQ9T2,"497/83/24 Thống Nhất, P.16, Q.Gò Vấp, TP.HCM",5580000.0,136.09,3.0,2.0,2.0,41002.28
408,37PF2Q,"11/25 đường số 1C, P.Bình Hưng Hoà A, Q.Bình Tân, TP.HCM",3950000.0,126.6,2.0,2.0,2.0,31200.63
409,QAHDCU,"201/3 Tạ Quang Bửu, P.Rạch Ông, Q.8, TP.HCM",5980000.0,101.52,3.0,1.0,2.0,58904.65
410,RGT29J,"86/99/28 Âu Cơ, P.9, Q.Tân Bình, TP.HCM",8300000.000000001,152.01,4.0,4.0,3.0,54601.67
411,8579Q3,"62/70 Lý Chính Thắng, P.8, Q.3, TP.HCM",7100000.0,299.57,4.0,4.0,5.0,23700.64
412,ACCWPY,"745/136/14 Quang Trung, P.12, Q.Gò Vấp, TP.HCM",3930000.0,109.41,2.0,2.0,3.0,35919.93
413,0Z2VA9,"9/70/13 Thạnh Xuân 24, P.Thới An, Q.12, TP.HCM",5700000.0,108.36,3.0,4.0,3.0,52602.44
414,Q7QH0U,"713/25/5/1 An Dương Vương, P.Bình Trị Đông, Q.Bình Tân, TP.HCM",5850000.0,141.3,3.0,2.0,3.0,41401.27
415,4JNPRF,"53/127/30/41 đường số 4, P.Bình Hưng Hoà B, Q.Bình Tân, TP.HCM",3950000.0,82.46,2.0,1.0,2.0,47902.01
416,PQHHGA,"Đường Tây Lân, P.Bình Trị Đông A, Q.Bình Tân, TP.HCM",2600000.0,0.0,2.0,1.0,2.0,inf
417,GXJ7Z2,"54/31 Duy Tân, P.8, Q.Tân Bình, TP.HCM",9500000.0,163.79,4.0,4.0,4.0,58001.1
418,85PSQ3,"618/72/6 Quang Trung, P.11, Q.Gò Vấp, TP.HCM",4100000.0,119.18,2.0,2.0,2.0,34401.75
419,7KRRVA,"546/42 Điện Biên Phủ, P.10, Q.10, TP.HCM",5100000.0,196.91,3.0,3.0,4.0,25900.16
420,85CKJ3,"115/2 đường C18, P.12, Q.Tân Bình, TP.HCM",23500000.0,214.8,6.0,3.0,3.0,109404.1
421,GX3AK2,"350/7/34 Chiến Lược, P.Bình Trị Đông, Q.Bình Tân, TP.HCM",6600000.0,148.64,4.0,4.0,3.0,44402.58
422,GX8H42,"91/26/20 Trần Tấn, P.Tân Sơn Nhì, Q.Tân Phú, TP.HCM",8199999.999999999,153.27,4.0,4.0,4.0,53500.36
423,WPTXSR,"490/9 Hà Huy Giáp, P.Thạnh Lộc, Q.12, TP.HCM",4250000.0,50.41,2.0,1.0,2.0,84308.67
424,DEEJ0H,"88/69/6/10 Nguyễn Văn Quỳ, P.Phú Thuận, Q.7, TP.HCM",7200000.0,109.09,4.0,5.0,4.0,66000.55
425,1UUAD6,"17 Nguyễn Triệu Luật, P.Tân Tạo, Q.Bình Tân, TP.HCM",11000000.0,76.92,4.0,4.0,4.0,143005.72
426,9TZVCP,"3/89 Hà Huy Giáp, P.Thạnh Lộc, Q.12, TP.HCM",5250000.0,61.54,2.0,2.0,2.0,85310.37
427,CWEY5B,"140/95 Thạnh Xuân 25, P.Thạnh Xuân, Q.12, TP.HCM",6650000.0,114.65,4.0,5.0,5.0,58002.62
428,6U6DK8,"172A/4 Lạc Long Quân, P.10, Q.11, TP.HCM",4380000.0,201.84,2.0,1.0,2.0,21700.36
429,RPSZHJ,"88/18 Bùi Dương Lịch, P.Bình Hưng Hoà B, Q.Bình Tân, TP.HCM",2950000.0,69.08,2.0,1.0,2.0,42704.11
430,RZ2PGJ,"656/6 Quang Trung, P.11, Q.Gò Vấp, TP.HCM",50000000.0,251.63,75.0,75.0,8.0,198704.45
431,40AQJF,"76/10/7/14 Nguyễn Sơn, P.Phú Thọ Hòa, Q.Tân Phú, TP.HCM",4300000.0,85.31,2.0,2.0,2.0,50404.41
432,QA0YBU,"80/12/41 Dương Quảng Hàm, P.5, Q.Gò Vấp, TP.HCM",15000000.0,123.88,5.0,5.0,1.0,121084.92
433,PNTAJG,"62/8/2A đường số 6, Bình Trưng Tây, Q.2, TP.HCM",4500000.0,80.64,1.0,1.0,1.0,55803.57
434,6S3X98,"180/6 Thạnh Xuân 22, P.Thạnh Xuân, Q.12, TP.HCM",7450000.0,90.08,4.0,4.0,4.0,82704.26
435,353NTQ,"469/6 Nguyễn Oanh, P.17, Q.Gò Vấp, TP.HCM",7200000.0,76.27,1.0,1.0,1.0,94401.47
436,C4PZCB,"407/8 Sư Vạn Hạnh, P.12, Q.10, TP.HCM",27000000.0,451.5,4.0,3.0,5.0,59800.66
437,9N2E1P,"20/58/21 Thạnh Xuân 24, P.Thạnh Xuân, Q.12, TP.HCM",5300000.0,100.18,4.0,3.0,3.0,52904.77
438,85BW23,"564/3H Phạm Văn Chiêu, P.16, Q.Gò Vấp, TP.HCM",6980000.0,149.46,3.0,3.0,3.0,46701.46
439,7KRRUA,"Thiên Phước, P.9, Q.Tân Bình, TP.HCM",5600000.0,191.51,3.0,2.0,2.0,29241.29
440,5H4ZJ7,"389/8 Tỉnh Lộ 10, P.An Lạc A, Q.Bình Tân, TP.HCM",16000000.0,135.82,4.0,2.0,2.0,117802.97
441,WP2KPR,"24/15/26 Trương Phước Phan, P.Bình Trị Đông, Q.Bình Tân, TP.HCM",2950000.0,140.47,2.0,2.0,2.0,21000.93
442,RG2BCJ,"143/8/6 đường số 11, P.11, Q.Gò Vấp, TP.HCM",7000000.0,128.91,4.0,3.0,4.0,54301.45
443,5HHHD7,"1/20/4 Hiệp thành 33, P.Hiệp Thành, Q.12, TP.HCM",3590000.0,89.75,2.0,2.0,2.0,40000.0
444,85S2A3,"417/69/52 Quang Trung, P.10, Q.Gò Vấp, TP.HCM",5400000.0,98.72,3.0,2.0,2.0,54700.16
445,SDYB35,"442/119/49/17A Quốc Lộ 1A, P.An Phú Đông, Q.12, TP.HCM",4380000.0,84.23,3.0,2.0,2.0,52000.47
446,SAGKW5,"Bình Giã, P.13, Q.Tân Bình, TP.HCM",17500000.0,231.78,3.0,4.0,4.0,75502.63
447,QQMSUQ,"Trần Đình Xu, P.Cô Giang, Q.1, TP.HCM",7200000.0,161.79,3.0,2.0,2.0,44502.13
448,KFUXSC,"Thửa 60 - Tờ 63, 30/11 Bến Than, Xã Tân Thạnh Đông, H.Củ Chi, TP.HCM",4200000.0,11.6,2.0,2.0,1.0,362068.97
449,QABAAU,"176/27/17/18 Thạnh Xuân 25, P.Thạnh Xuân, Q.12, TP.HCM",5680000.0,113.6,3.0,2.0,3.0,50000.0
450,7KFTBA,"480/2A Mã Lò, P.Bình Hưng Hoà A, Q.Bình Tân, TP.HCM",6380000.0,101.1,4.0,5.0,4.0,63105.84
451,40P9GF,"713/29 Lê Đức Thọ, P.16, Q.Gò Vấp, TP.HCM",5980000.0,134.38,3.0,3.0,2.0,44500.67
452,UYABAS,"123/3 Thạnh Lộc 40, P.An Phú Đông, Q.12, TP.HCM",7590000.0,118.77,5.0,4.0,5.0,63905.03
453,RG92TJ,"F1/1S Ấp 6C, Xã Vĩnh Lộc A, H.Bình Chánh, TP.HCM",4200000.0,52.17,2.0,1.0,1.0,80506.04
454,GNG032,"MPN 104/10 Thạnh Xuân 22, P.Thạnh Xuân, Q.12, TP.HCM",5530000.0,106.34,4.0,4.0,4.0,52003.01
455,8S8TE3,"123/45A Lê Lợi, P.3, Q.Gò Vấp, TP.HCM",6900000.0,60.0,7.0,7.0,3.0,115000.0
456,SDV2Z5,"114/8/19/2 Chiến Lược, P.Bình Trị Đông, Q.Bình Tân, TP.HCM",4500000.0,181.45,3.0,3.0,4.0,24800.22
457,0ZCF59,"98/20/10 Lâm Thị Hố, P.Tân Chánh Hiệp, Q.12, TP.HCM",4820000.0,78.5,2.0,2.0,2.0,61401.27
458,YBNCJD,"801/1/7 Hà Huy Giáp, P.Thạnh Xuân, Q.12, TP.HCM",5280000.0,75.86,4.0,5.0,3.0,69601.9
459,7KW3EA,"320/17 Trường Chinh, P.13, Q.Tân Bình, TP.HCM",6500000.0,107.97,2.0,1.0,2.0,60201.91
460,7KFQFA,"763/5/18/9 Trường Chinh, P.Tây Thạnh, Q.Tân Phú, TP.HCM",4800000.0,107.86,3.0,2.0,3.0,44502.13
461,37KE8Q,"Nguyễn Thị Căn, P.Tân Thới Hiệp, Q.12, TP.HCM",3060000.0,107.36,3.0,2.0,2.0,28502.24
462,5HEED7,"94/15 Thạnh Lộc 16, P.Thạnh Lộc, Q.12, TP.HCM",4850000.0,103.85,4.0,3.0,3.0,46701.97
463,409PZF,"8/4 Thạnh Xuân 13, P.Thới An, Q.12, TP.HCM",7500000.0,120.38,4.0,4.0,5.0,62302.71
464,6S55N8,"231/11 Nguyễn Duy Dương, P.4, Q.10, TP.HCM",4580000.0,216.03,2.0,3.0,3.0,21200.76
465,DEBJ9H,"915/3 Luỹ Bán Bích, P.Tân Thành, Q.Tân Phú, TP.HCM",11000000.0,113.16,2.0,2.0,2.0,97207.49
466,8URUU3,"140/9 Phạm Văn Chiêu, P.9, Q.Gò Vấp, TP.HCM",6400000.0,189.91,4.0,4.0,5.0,33700.17
467,UD5Y0S,"116/1 Thạnh Lộc 29, P.Thạnh Lộc, Q.12, TP.HCM",6360000.0,126.6,3.0,4.0,5.0,50236.97
468,0ZKXR9,"443/6C Chiến Lược, P.Tân Tạo, Q.Bình Tân, TP.HCM",5700000.0,77.34,3.0,2.0,2.0,73700.54
469,WPQGGR,"736/137/1 Lê Đức Thọ, P.15, Q.Gò Vấp, TP.HCM",6950000.0,155.48,3.0,3.0,4.0,44700.28
470,1UHH56,"336/43C Nguyễn Văn Luông, P.12, Q.6, TP.HCM",5300000.0,95.84,2.0,2.0,3.0,55300.5
471,WPTWTR,"129/47/18 Bùi Văn Ngữ, P.Hiệp Thành, Q.12, TP.HCM",2850000.0,112.64,2.0,2.0,2.0,25301.85
472,SDYMW5,"539/17A Cách Mạng Tháng 8, P.15, Q.10, TP.HCM",6000000.0,110.49,1.0,1.0,1.0,54303.56
473,SDYY15,"76/22/14 Lê Lợi, P.3, Q.Gò Vấp, TP.HCM",15800000.0,188.09,20.0,20.0,6.0,84002.34
474,85SS03,"75/9/2 và 75/9/6 Trần Văn Đang, P.9, Q.3, TP.HCM",8500000.0,227.88,9.0,9.0,5.0,37300.33
475,5DJF57,"400/96 An Dương Vương, P.16, Q.8, TP.HCM",6500000.0,154.76,4.0,3.0,3.0,42000.52
476,SC6CE5,"tỉnh 743, Tân Đông Hiệp, Dĩ An, TP.HCM",8500000.0,29.82,10.0,6.0,1.0,285043.59
477,K42E3C,"198/10E Hồ Học Lãm, P.An Lạc, Q.Bình Tân, TP.HCM",3900000.0,107.43,2.0,2.0,2.0,36302.71
478,9ZMVAP,"26/33 Huỳnh Đình Hai, P.24, Q.Bình Thạnh, TP.HCM",13500000.0,261.62,3.0,4.0,5.0,51601.56
479,GMDY52,"290/40/41/1 Hiep Thành 17, P.Hiệp Thành, Q.12, TP.HCM",2050000.0,123.49,2.0,2.0,2.0,16600.53
480,QAY6SU,"1358/4 Quang Trung, P.14, Q.Gò Vấp, TP.HCM",15500000.0,126.11,4.0,4.0,4.0,122908.57
481,UYAT0S,"Lê Quang Định, P.1, Q.Gò Vấp, TP.HCM",6950000.0,143.89,2.0,2.0,2.0,48300.79
482,J2P740,"872/56/11A Quang Trung, P.8, Q.Gò Vấp, TP.HCM",6800000.0,83.53,5.0,5.0,1.0,81407.88
483,02T159,"15/40/51 đường số 59, P.14, Q.Gò Vấp, TP.HCM",3950000.0,182.02,2.0,2.0,2.0,21700.91
484,KE7M8C,"818/55/4 Nguyễn Kiệm, P.3, Q.Gò Vấp, TP.HCM",1950000.0,148.85,1.0,1.0,2.0,13100.44
485,8565X3,"257/80/60D ấp 2, Xã Đông Thạnh, H.Hóc Môn, TP.HCM",3700000.0,72.54,2.0,2.0,2.0,51006.34
486,PNR5ZG,"189/12/24 Đình Phong Phú, Tăng Nhơn Phú B, Q.9, TP.HCM",8600000.0,131.49,4.0,5.0,4.0,65404.21
487,1UNB26,"189/12/22 Đình Phong Phú, Tăng Nhơn Phú B, Q.9, TP.HCM",8600000.0,130.89,4.0,5.0,4.0,65704.03
488,CW391B,"479/19 Nguyễn Bình, Xã Phú Xuân, H.Nhà Bè, TP.HCM",5100000.0,54.54,2.0,1.0,1.0,93509.35
489,KFT6RC,"45/23/3 Hàn Hải Nguyên, P.16, Q.11, TP.HCM",4700000.0,147.33,3.0,3.0,4.0,31901.17
490,2MS6AZ,"373/15A Trần Xuân Soạn, P.Tân Hưng, Q.7, TP.HCM",3550000.0,129.56,2.0,2.0,2.0,27400.43
491,EJ0B24,"128A/28 Nguyễn Chí Thanh, P.2, Q.10, TP.HCM",3380000.0,195.37,2.0,3.0,3.0,17300.51
492,ACK5KY,"213/2/8 Quang Trung, P.10, Q.Gò Vấp, TP.HCM",6600000.0,127.65,2.0,2.0,2.0,51703.88
493,EJWGS4,"353/4/2 Quang Trung, P.10, Q.Gò Vấp, TP.HCM",6370000.0,143.99,3.0,3.0,2.0,44239.18
494,85SJQ3,"395/30 Lê Quang Định, P.7, Q.Bình Thạnh, TP.HCM",1750000.0,324.07,2.0,2.0,2.0,5400.07
495,DBGWYH,"687/71 Quốc Lộ 1, P.Bình Hưng Hòa, Q.Bình Tân, TP.HCM",8500000.0,153.7,4.0,4.0,5.0,55302.54
496,6WY48Y,"2B/1/36 Bạch Đằng, P.2, Q.Tân Bình, TP.HCM",27500000.0,252.52,3.0,3.0,3.0,108902.27
497,40U7NF,"71/45 Thạnh Lộc 08, P.Thạnh Xuân, Q.12, TP.HCM",4100000.0,51.25,2.0,1.0,2.0,80000.0
498,0Z6B49,"408/44 Bình Thành, P.Bình Hưng Hoà B, Q.Bình Tân, TP.HCM",4800000.0,59.33,2.0,1.0,1.0,80903.42
499,QAYDTU,"An Dương Vương, P.An Lạc, Q.Bình Tân, TP.HCM",6500000.0,108.33,2.0,2.0,2.0,60001.85
500,7KDK5A,"84/2A Ấp Chiến Lược, P.Bình Hưng Hoà A, Q.Bình Tân, TP.HCM",11000000.0,94.74,1.0,1.0,1.0,116107.24
501,KFBWFC,"48/5 Nguyễn Hiến Lê, P.13, Q.Tân Bình, TP.HCM",19000000.0,180.95,5.0,5.0,4.0,105001.38
502,87HMA3,"453/16 An Phú Đông 35, P.An Phú Đông, Q.12, TP.HCM",7200000.0,87.48,4.0,4.0,3.0,82304.53
503,37ZACQ,"161/14 đường số 4, P.16, Q.Gò Vấp, TP.HCM",7990000.0,220.11,3.0,3.0,5.0,36300.03
504,372CRQ,"551/110/5 Lê Văn Khương, P.Hiệp Thành, Q.12, TP.HCM",3290000.0,97.62,2.0,1.0,2.0,33702.11
505,9TDBKP,"180/8 Thạnh Lộc 15, P.Thạnh Lộc, Q.12, TP.HCM",1650000.0,82.08,1.0,1.0,2.0,20102.34
506,CW1ENB,"61/5 Thạnh Xuân 38, P.Thới An, Q.12, TP.HCM",7300000.0,123.51,4.0,5.0,5.0,59104.53
507,1U7DY6,"161D/104A/18 Lạc Long Quân, P.3, Q.11, TP.HCM",10200000.0,227.17,4.0,5.0,6.0,44900.29
508,YKQ31D,"8/19/21/16 Thạnh Xuân 40, P.Thạnh Xuân, Q.12, TP.HCM",4390000.0,66.51,3.0,2.0,2.0,66005.11
509,QAX6MU,"đường số 2, P.3, Q.Gò Vấp, TP.HCM",2800000.0,264.15,2.0,1.0,2.0,10600.04
510,J2S2R0,"Cách Mạng Tháng Tám, P.12, Q.10, TP.HCM",4250000.0,91.59,2.0,2.0,2.0,46402.45
511,CF5UYB,"55/3 ( Thửa 524 - tờ 14) ấp Lào Táo, Xã Trung Lập Hạ, H.Củ Chi, TP.HCM",1200000.0,11.18,3.0,1.0,1.0,107334.53
512,6UWEG8,"486/24 Phan Xích Long, P.4, Q.Phú Nhuận, TP.HCM",15860000.0,291.54,5.0,5.0,4.0,54400.77
513,7K9VCA,"417/49/47 Quang Trung, P.10, Q.Gò Vấp, TP.HCM",4350000.0,94.56,2.0,1.0,2.0,46002.54
514,WPXQDR,"439/6 Nguyễn Văn Khối, P.8, Q.Gò Vấp, TP.HCM",9000000.0,155.7,3.0,2.0,2.0,57803.47
515,DEW81H,"237/71/7/9 Lê Văn Khương, P.Hiệp Thành, Q.12, TP.HCM",3650000.0,98.91,3.0,2.0,2.0,36902.23
516,9TGF8P,"163/29/30 Tô Hiến Thành, P.13, Q.10, TP.HCM",2780000.0,226.01,2.0,1.0,3.0,12300.34
517,RPRGNJ,"386/14 Quang Trung, P.10, Q.Gò Vấp, TP.HCM",7900000.0,171.36,5.0,5.0,5.0,46101.77
518,GNKC52,"331/51/62 Phan Huy Ích, P.14, Q.Gò Vấp, TP.HCM",3980000.0,149.62,2.0,2.0,2.0,26600.72
519,8SD7R3,"591/8/2 Bình Thới, P.10, Q.11, TP.HCM",11500000.0,205.35,10.0,10.0,4.0,56001.95
520,RGYZAJ,"480/62/8 Nguyễn Tri Phương, P.9, Q.10, TP.HCM",4250000.0,168.65,4.0,2.0,3.0,25200.12
521,UYE0PS,"356/12 Gò Dầu, P.Tân Quý, Q.Tân Phú, TP.HCM",7800000.0,92.85,4.0,6.0,4.0,84006.46
522,GXXNS2,"352/42 Gò Dầu, P.Tân Sơn Nhì, Q.Tân Phú, TP.HCM",6250000.0,112.2,3.0,2.0,2.0,55704.1
523,7KHSVA,"125/227/6G Nguyễn Thị Tần, P.Rạch Ông, Q.8, TP.HCM",5780000.0,155.37,4.0,3.0,4.0,37201.52
524,1U3GN6,"181b/37 Âu Dương Lân, P.Rạch Ông, Q.8, TP.HCM",5800000.0,136.79,2.0,2.0,2.0,42400.76
525,1Q15K6,"231/108 Lưu Hữu Phước, P.15, Q.8, TP.HCM",2470000.0,83.16,2.0,2.0,2.0,29701.78
526,9Z711P,"20K Đường Nguyễn Duy, P.14, Q.8, TP.HCM",4980000.0,73.34,4.0,3.0,2.0,67902.92
527,GN3V82,"44/26 Sư Vạn Hạnh, P.9, Q.5, TP.HCM",3750000.0,192.3,2.0,3.0,3.0,19500.78
528,SDTGT5,"9/21/19/10 Thạnh Xuân 24, P.Thạnh Xuân, Q.12, TP.HCM",5700000.0,113.77,4.0,4.0,5.0,50101.08
529,1UK3X6,"164/3/15 Bùi Quang Là, P.12, Q.Gò Vấp, TP.HCM",4950000.0,188.21,4.0,3.0,4.0,26300.41
530,KFWAQC,"240/23/8 Hiệp Thành 13, P.Hiệp Thành, Q.12, TP.HCM",5490000.0,93.84,4.0,3.0,4.0,58503.84
531,85U2Y3,"631/23 Lê Đức Thọ, P.16, Q.Gò Vấp, TP.HCM",10000000.0,98.03,1.0,1.0,1.0,102009.59
532,37UY7Q,"154/54/23 Âu Dương Lân, P.Rạch Ông, Q.8, TP.HCM",5780000.0,226.66,3.0,4.0,5.0,25500.75
533,6QNT28,"2/29 Cao Thắng, P.5, Q.3, TP.HCM",76000000.0,329.48,1.0,1.0,2.0,230666.5
534,UA9XAS,"99/13 đường số 2, P.16, Q.Gò Vấp, TP.HCM",4300000.0,124.27,2.0,2.0,2.0,34602.08
535,9Z755P,"58/10 đường số 14, P.Bình Hưng Hoà A, Q.Bình Tân, TP.HCM",3750000.0,130.2,2.0,2.0,2.0,28801.84
536,DBTDVH,"114/1 Huỳnh Tấn Phát, Xã Phú Xuân, H.Nhà Bè, TP.HCM",6100000.0,55.55,2.0,1.0,1.0,109810.98
537,6UC5N8,"208/29 đường số 5, P.Bình Hưng Hòa, Q.Bình Tân, TP.HCM",8199999.999999999,152.7,5.0,4.0,4.0,53700.07
538,6SZTX8,"331/18/4 Trần Thị Năm, P.Trung Mỹ Tây, Q.12, TP.HCM",7500000.0,129.31,6.0,5.0,5.0,58000.15
539,40VEYF,"52/15/14 Nguyễn Sỹ Sách, P.15, Q.Tân Bình, TP.HCM",6000000.0,89.75,2.0,1.0,1.0,66852.37
540,7KE8FA,"560/6 Trường Chinh, P.13, Q.Tân Bình, TP.HCM",10500000.0,153.95,1.0,1.0,1.0,68203.96
541,857MH3,"184/20/14/1 Bùi Văn Ngữ, P.Hiệp Thành, Q.12, TP.HCM",3680000.0,98.39,2.0,2.0,2.0,37402.18
542,020WV9,"28/9 Âu Dương Lân, P.Rạch Ông, Q.8, TP.HCM",6700000.0,136.45,2.0,2.0,2.0,49102.24
543,ABHXUY,"80/4/23 Tân Hòa Đông, P.14, Q.6, TP.HCM",9500000.0,61.29,2.0,2.0,2.0,155000.82
544,5KYGG7,"Nguyễn Văn Đậu, P.11, Q.Bình Thạnh, TP.HCM",5950000.0,140.99,3.0,3.0,2.0,42201.57
545,RGUMFJ,"67/2/88 đường số 6, P.Bình Hưng Hòa, Q.Bình Tân, TP.HCM",7000000.0,132.57,2.0,2.0,4.0,52802.29
546,QAJEYU,"202/21 Trần Thị Hè, P.Tân Thới Hiệp, Q.12, TP.HCM",9900000.0,99.09,13.0,13.0,4.0,99909.17
547,37ETBQ,"384/71bis Lý Thái Tổ, P.10, Q.10, TP.HCM",15200000.0,144.76,2.0,2.0,2.0,105001.38
548,1UACH6,"Thạnh Lộc 16, P.An Phú Đông, Q.12, TP.HCM",6600000.0,118.49,4.0,5.0,5.0,55700.9
549,SDDYX5,"339/25A Lê Văn Sỹ, P.15, Q.Gò Vấp, TP.HCM",33000000.0,359.47,8.0,9.0,6.0,91801.82
550,40WY4F,"5/122/21A Nơ Trang Long, P.7, Q.Bình Thạnh, TP.HCM",3990000.0,212.23,2.0,2.0,2.0,18800.36
551,AHSH9Y,"25/4B Cửu Long, P.2, Q.Tân Bình, TP.HCM",18900000.0,287.23,8.0,8.0,5.0,65800.93
552,JPUA80,"32/21 Đất Thánh, P.06, Q.Tân Bình, TP.HCM",7300000.0,228.12,2.0,2.0,3.0,32000.7
553,PNA9JG,"994A/77 Huỳnh Tấn Phát, P.Tân Phú, Q.7, TP.HCM",3650000.0,86.9,2.0,1.0,2.0,42002.3
554,7HSFEA,"282/38/9 Bùi Hữu Nghĩa, P.2, Q.Bình Thạnh, TP.HCM",1870000.0,176.41,1.0,1.0,2.0,10600.31
555,6UW428,"840/18/1B Hương Lộ 2, P.Bình Trị Đông A, Q.Bình Tân, TP.HCM",6680000.0,128.46,4.0,3.0,4.0,52000.62
556,Q7J8TU,"332/86 Phan Văn Trị, P.11, Q.Bình Thạnh, TP.HCM",5000000.0,180.5,2.0,1.0,2.0,27700.83
557,PNXH0G,"163/25/12 Tô Hiến Thành, P.13, Q.10, TP.HCM",12200000.0,211.07,8.0,8.0,5.0,57800.73
558,SYHHV5,"2/173A Tân Lập, Xã Tân Thới Nhì, H.Hóc Môn, TP.HCM",9500000.0,52.8,3.0,2.0,1.0,179924.24
559,WP8KBR,"35/15 Nghĩa Phát, P.6, Q.Tân Bình, TP.HCM",6700000.0,132.93,2.0,2.0,2.0,50402.47
560,37D1JQ,"26/4 Nguyễn Thị Căn, P.Tân Thới Hiệp, Q.12, TP.HCM",3480000.0,111.53,2.0,2.0,2.0,31202.37
561,5HYKH7,"383/38 Quang Trung, P.10, Q.Gò Vấp, TP.HCM",10400000.0,142.66,2.0,1.0,1.0,72900.6
562,Q13BUQ,"Đặng Minh Trứ, P.10, Q.Tân Bình, TP.HCM",4200000.0,121.38,1.0,1.0,2.0,34602.08
563,SDNEF5,"126/15 đường số 28, P.6, Q.Gò Vấp, TP.HCM",6900000.0,107.81,3.0,3.0,3.0,64001.48
564,6UCVK8,"95/44 Đinh Tiên Hoàng, P.1, Q.Bình Thạnh, TP.HCM",9500000.0,265.36,2.0,2.0,2.0,35800.42
565,3HYHAQ,"12/12B hoàng diệu, P.10, Q.Phú Nhuận, TP.HCM",4800000.0,133.33,2.0,3.0,2.0,36000.9
566,RNPDEJ,"507/13 Chiến Lược, P.Tân Tạo, Q.Bình Tân, TP.HCM",3150000.0,97.22,2.0,2.0,2.0,32400.74
567,AB4PZY,"86/25 Âu Cơ, P.9, Q.Tân Bình, TP.HCM",9900000.0,155.9,3.0,3.0,3.0,63502.25
568,EJAA14,"672/5/18 Thống Nhất, P.16, Q.Gò Vấp, TP.HCM",6680000.0,176.25,4.0,4.0,3.0,37900.71
569,ACXBQY,"7/12 Chấn Hưng, P.6, Q.Tân Bình, TP.HCM",7500000.0,154.95,4.0,5.0,3.0,48402.71
570,J2SWK0,"745/111 Quang Trung, P.12, Q.Gò Vấp, TP.HCM",15500000.0,155.0,5.0,5.0,5.0,100000.0
571,DER7UH,"232/7G Nguyễn văn Luông, P.11, Q.6, TP.HCM",5300000.0,117.51,4.0,4.0,3.0,45102.54
572,SDCVE5,"913/15 Hà Huy Giáp, P.Thạnh Xuân, Q.12, TP.HCM",4350000.0,64.63,2.0,2.0,2.0,67306.2
573,GXVYF2,"616/22 Lê Đức Thọ, P.15, Q.Gò Vấp, TP.HCM",21000000.0,157.77,23.0,23.0,7.0,133105.15
574,375H7Q,"208/4 Thạnh Lộc 27, P.An Phú Đông, Q.12, TP.HCM",6900000.0,111.83,6.0,5.0,5.0,61700.8
575,5DTMK7,"79/9/15 Thới An 20, P.Thới An, Q.12, TP.HCM",6900000.0,121.26,4.0,4.0,4.0,56902.52
576,1Q5TZ6,"59/2 Hoa Sữa, P.7, Q.Phú Nhuận, TP.HCM",7970000.0,355.8,3.0,4.0,4.0,22400.22
577,6SAZ08,"28/43 + 28H/9 Dương Bá Trạc, P.Rạch Ông, Q.8, TP.HCM",16900000.0,138.52,20.0,20.0,5.0,122004.04
578,DEB0PH,"92/6 Nguyễn Sơn, P.Phú Thọ Hòa, Q.Tân Phú, TP.HCM",12700000.0,140.48,13.0,13.0,4.0,90404.33
579,J24QR0,"8/26 đường số 16, P.Bình Hưng Hòa, Q.Bình Tân, TP.HCM",6000000.0,80.0,1.0,1.0,1.0,75000.0
580,KF947C,"554/17/4 Nguyễn Bình, Xã Phú Xuân, H.Nhà Bè, TP.HCM",1590000.0,9.81,3.0,2.0,3.0,162079.51
581,9TX98P,"28/4 đường số 15, P.Bình Hưng Hòa, Q.Bình Tân, TP.HCM",4450000.0,111.25,1.0,1.0,1.0,40000.0
582,7H66QA,"Đường Trần Thị Do, P.Hiệp Thành, Q.12, TP.HCM",2950000.0,110.07,4.0,3.0,3.0,26801.13
583,UCDKPS,"205/48/41T ấp 5, Xã Đông Thạnh, H.Hóc Môn, TP.HCM",4200000.0,68.85,1.0,1.0,1.0,61002.18
584,PNQX1G,"362/62A Phan Huy Ích, P.12, Q.Gò Vấp, TP.HCM",7960000.0,123.34,4.0,5.0,4.0,64537.05
585,CW082B,"280/126/9 Bùi Hữu Nghĩa, P.2, Q.Bình Thạnh, TP.HCM",6200000.0,144.85,2.0,2.0,2.0,42802.9
586,7H7MZA,"26/6/13 đường số 13A, P.Bình Hưng Hòa, Q.Bình Tân, TP.HCM",3500000.0,79.54,2.0,2.0,2.0,44003.02
587,AKAK0Y,"129/2 Lê Thiệt, P.Phú Thọ Hòa, Q.Tân Phú, TP.HCM",3800000.0,137.23,3.0,2.0,2.0,27690.74
588,C4H5SB,"84/42A Bùi Quang Là, P.12, Q.Gò Vấp, TP.HCM",4250000.0,156.78,2.0,2.0,2.0,27108.05
589,6UBA08,"Đường Tỉnh Lộ 10, P.Tân Tạo, Q.Bình Tân, TP.HCM",2670000.0,101.44,2.0,2.0,2.0,26320.98
590,5DWKQ7,"1/14 Đường Nguyễn Hữu Tiến, P.Tây Thạnh, Q.Tân Phú, TP.HCM",5200000.0,96.47,3.0,2.0,2.0,53902.77
591,YK5MGD,"763/5/4/29 Trường Chinh, P.Tây Thạnh, Q.Tân Phú, TP.HCM",5800000.0,96.82,3.0,3.0,2.0,59904.98
592,382RQ3,"Đường Phan Văn Hân, P.17, Q.Bình Thạnh, TP.HCM",9960000.0,162.21,8.0,8.0,3.0,61401.89
593,375ZWQ,"20/50/16 Thạnh Xuân 24, khu phố 7, P.Thạnh Xuân, Q.12, TP.HCM",5450000.0,103.8,3.0,4.0,3.0,52504.82
