,property_id,address,total_price_millions,price_per_m2_millions,property_type,bedrooms,bathrooms,area,usable_area
0,W22Y9R,"10 Võ Chí Công, P.Phước Long B, TP.Thủ Đức, TP.HCM",4500000.0,90.0,Căn hộ chung cư,1.0,1.0,50.0,45.0
1,7DTU5A,"đường Phước Thiện, Long Bình, Q.9, TP.HCM",3500000.0,52.63,Căn hộ chung cư,2.0,3.0,66.5,63.38350071592079
2,6QZNQ8,"326/1 Đường Ung Văn Khiêm, P.25, Q.Bình Thạnh, TP.HCM",5400000.0,72.19,Căn hộ chung cư,2.0,1.0,74.8,71.29452411354698
3,UKMA4S,"137 Gò Dầu, P.Tân Quý, Q.Tân Phú, TP.HCM",2450000.0,30.62,Căn hộ chung cư,2.0,2.0,80013.06335728282,76263.2790765316
4,JPC7G0,"Chung cư Hoàng Anh Gold Place, đường Lê Văn Lương, Xã Phước Kiển, H.Nhà Bè, TP.HCM",4100000.0,36.93,Căn hộ chung cư,3.0,2.0,111.0,111.0
5,AH8NDY,"Chung cư Hoàng Anh Gold Place, đường Lê Văn Lương, Xã Phước Kiển, H.Nhà Bè, TP.HCM",4350000.0,42.39,Căn hộ chung cư,3.0,2.0,102.6,102.6
6,DB7F2H,"Số 1 đường 104, Đảo Kim Cương, Bình Trưng Tây, Q.2, TP.HCM",130000000.0,232.14,Căn hộ chung cư,4.0,4.0,560.0,533.7557955024909
7,ACWXXY,"CityLand Park Hills, đường Phan Văn Trị, P.10, Q.Gò Vấp, TP.HCM",12500000.0,66.91,Căn hộ chung cư,5.0,4.0,186.8,173.0
8,3H5FCQ,"Tân Kỳ Tân Quý, P.Tân Sơn Nhì, Q.Tân Phú, TP.HCM",4130000.0,65.55,Căn hộ chung cư,2.0,2.0,63.0,63.0
9,GTRV42,"Căn hộ chung cư số 4.06 Tầng 5, Tháp CC8, Khu nhà ở Nguyên Sơn, ấp 3A, Xã Bình Hưng, H.Bình Chánh, TP.HCM",6300000.0,67.88,Căn hộ chung cư,3.0,2.0,92.8,88.45096039755562
10,QHMJ7U,"nguyễn chí thanh, P.Hưng Định, TP.Thuận An, Bình Dương",2300000.0,35.93,Căn hộ chung cư,2.0,2.0,64.0,61.00066234314181
11,0ZYSV9,"Căn hộ 404 Lô A4 Chung cư An Sương, P.Tân Hưng Thuận, Q.12, TP.HCM",2100000.0,38.46,Căn hộ chung cư,1.0,1.0,54.6,50.9
12,374SJQ,"Lô V Chung cư Ngô Gia Tự Trần Nhân Tôn, P.2, Q.10, TP.HCM",3500000.0,69.0,Căn hộ chung cư,2.0,1.0,35.6,33.93161842837264
13,KTDZCJ,"chung cư MT Eastmark City, Long Trường, Q.9, TP.HCM",4200000.0,57.22,Căn hộ chung cư,2.0,2.0,73.4,69.96013462479077
14,7KKE8A,"Căn hộ 7.04, Tầng 8, Chung cư IC2 - Cantavil đường số 25, P.An Phú, TP.Thủ Đức, TP.HCM",9000000.0,103.44,Căn hộ chung cư,3.0,2.0,87.0,87.0
15,RGM94J,"đường số 10, P.10, Q.Gò Vấp, TP.HCM",8000000.0,71.23,Căn hộ chung cư,2.0,2.0,112.3,105.4
16,ACKKWY,"Căn hộ BS15.21.17- Phân khu The Beverly Solari, Vinhomes Grand Park - đường Nguyễn Xiển, Long Thạnh Mỹ, Q.9, TP.HCM",4500000.0,76.27,Căn hộ chung cư,2.0,2.0,59.0,54.0
17,9VN2YP,"230 Nguyễn Trãi, P.Nguyễn Cư Trinh, Q.1, TP.HCM",12500000.0,290.69,Căn hộ chung cư,1.0,1.0,43.0,40.984820011798405
18,9TZBXP,"Căn 605 (tầng 7) Chung cư 22 Nguyễn Trãi, P.Bến Thành, Q.1, TP.HCM",2000000.0,76.01,Căn hộ chung cư,1.0,1.0,26.31,25.076991035125953
19,37S6MQ,"Căn hộ BS16.30.26 The Beverly Solari đường Nguyễn Xiển, Long Thạnh Mỹ, Q.9, TP.HCM",4350000.0,62.14,Căn hộ chung cư,2.0,2.0,70.0,64.0
20,40GBEF,"Căn S20 và S21A, Tầng lững, khối 1 Chung cư Khang Gia Tân Hương, 377 Tân Hương, P.Tân Quý, Q.Tân Phú, TP.HCM",1900000.0,0.32,Căn hộ chung cư,2.0,2.0,46.0,43.84422605913318
21,WPKA1R,"Chung cư 123 Bình Tây, P.1, Q.6, TP.HCM",3300000.0,65.77,Căn hộ chung cư,2.0,1.0,50.17,47.818800464928515
22,9TYUQP,"Căn 3.13 Chung cư Đoàn Văn Bơ, P.13, Q.4, TP.HCM",2150000.0,48.86,Căn hộ chung cư,2.0,1.0,44.0,41.937955360909996
23,CW024B,"Căn 15.01, Tầng 15, Chung cư Kết hợp thương mại, văn phòng khu V - Sunrise City, khu South Towers, 23 Nguyễn Hữu Thọ, P.Tân Hưng, Q.7, TP.HCM",14000000.0,83.33,Căn hộ chung cư,3.0,2.0,162.46,154.84636881666904
24,372YRQ,"Căn 3-7 Lô B Chung cư Lạc Long Quân, P.5, Q.11, TP.HCM",1950000.0,43.91,Căn hộ chung cư,1.0,1.0,44.4,42.31920950055463
25,7D92SA,"Căn 639B ( trệt + gác lững) Nguyễn Trãi, P.11, Q.5, TP.HCM",9500000.0,92.08,Căn hộ chung cư,3.0,2.0,103.17,98.33497396784283
26,0ZNB09,"Căn hộ 4.18, Lô A Chung cư Vườn Lài, P.Phú Thọ Hòa, Q.Tân Phú, TP.HCM",1850000.0,43.42,Căn hộ chung cư,2.0,2.0,42.6,40.60356587215377
27,7CEW3A,"Căn 5.07 - Tầng 5 Chung cư Hoàng Hoa Thám, P.13, Q.Tân Bình, TP.HCM",4650000.0,72.76,Căn hộ chung cư,2.0,2.0,63.9,60.90534880823065
28,RGGGGJ,"Căn hộ 8.06, Chung cư An Khánh đường Song Hành, P.An Phú, TP.Thủ Đức, TP.HCM",5250000.0,59.65,Căn hộ chung cư,2.0,2.0,88.0,78.1
29,7KME9A,"Căn A.2.07 Block A, Khối CT1 Chung cư 243 Tân Hòa Đông, P.14, Q.6, TP.HCM",3150000.0,51.63,Căn hộ chung cư,2.0,2.0,61.0,52.7
30,SYSNR5,"Căn hộ 414 Tầng 5 Lô B1 Chung cư phường 3, Đường Vĩnh Hội, P.3, Q.4, TP.HCM",3850000.0,48.12,Căn hộ chung cư,2.0,1.0,80.0,76.25082792892727
31,8SCSB3,"Căn hộ D12-12A, Dream Home Palace, P.7, Q.8, TP.HCM",2500000.0,0.4,Căn hộ chung cư,2.0,2.0,61.75,58.85610780764073
32,GX4JD2,"Căn hộ P-65B, Tầng 7 Chung cư số 5 đường Cao Thắng, P.2, Q.3, TP.HCM",1670000.0,70.28,Căn hộ chung cư,1.0,1.0,23.76,22.646495894891398
33,8SFHB3,"Căn hộ 5.05 Chung cư Phan Văn Trị, P.2, Q.5, TP.HCM",3300000.0,59.56,Căn hộ chung cư,2.0,2.0,55.4,52.80369834078213
34,2MM64Z,"Căn 13.07 - Tầng 14 - Block B Chung cư IC2 Cantavil, đường số 25, P.An Phú, TP.Thủ Đức, TP.HCM",9000000.0,97.08,Căn hộ chung cư,3.0,2.0,92.7,88.35564686264448
35,7KD1ZA,"Căn 410 Tầng 5 Lô B Chung cư Cư Xá Gò Dầu 1, P.Phú Thọ Hòa, Q.Tân Phú, TP.HCM",2650000.0,50.0,Căn hộ chung cư,2.0,1.0,56.1,53.47089308516025
36,8U0VX3,"Căn 0.17 Lô A Chung cư Vườn Lài, P.Phú Thọ Hòa, Q.Tân Phú, TP.HCM",4200000.0,100.0,Căn hộ chung cư,1.0,1.0,42.0,40.031684662686814
37,Q7F26U,"Căn hộ 2C-10-2 Chung cư cao tầng Phú Mỹ, P.Phú Mỹ, Q.7, TP.HCM",5700000.0,61.29,Căn hộ chung cư,2.0,2.0,93.0,88.64158746737795
38,Q7Q7FU,"Căn hộ A19.02 Lô A Chung cư số 4 Đường Phan Chu Trinh (nối dài), P.12, Q.Bình Thạnh, TP.HCM",3590000.0,64.1,Căn hộ chung cư,2.0,1.0,56.0,53.375579550249086
39,YKWXHD,"Căn 209 - Tầng 3 - Lô A - Chung Cư 207 Bùi Viện, P.Phạm Ngũ Lão, Q.1, TP.HCM",3600000.0,90.49,Căn hộ chung cư,1.0,1.0,39.78,37.91572418765908
40,EREAG4,"Căn hộ 14.05, Tầng 15, Khối A Khu căn hộ chung cư cao tầng, 633 Kinh Dương Vương, P.An Lạc, Q.Bình Tân, TP.HCM",2750000.0,49.01,Căn hộ chung cư,2.0,1.0,56.1,52.0
41,8URGG3,"Căn hộ 14.5 chung cư 326/1 Ung Văn Khiêm, P.25, Q.Bình Thạnh, TP.HCM",5200000.0,69.51,Căn hộ chung cư,2.0,1.0,74.8,71.29452411354698
42,7H7K3A,"Căn hộ 1.04 - Tầng 1 và 2 - Khối Tháp C Khu nhà ở cao tầng Công ty Saphire, 454 Võ Chí Công, P.Phú Hữu, TP.Thủ Đức, TP.HCM",12000000.0,66.92,Căn hộ chung cư,4.0,1.0,179.3,166.3
43,YC1HCD,"Căn hộ 3.20, Tầng 3, Tòa nhà S10.07 - 88 Phước Thiện, Long Bình, Q.9, TP.HCM",3320000.0,0.06,Căn hộ chung cư,2.0,2.0,54.6,52.04119006149286
44,PT8RPG,"Căn hộ A22.03 Tầng 22, chung cư lô D, 90 Nguyễn Hữu Cảnh, P.22, Q.Bình Thạnh, TP.HCM",3800000.0,94.29,Căn hộ chung cư,1.0,1.0,40.3,38.41135456919711
45,W0FE1R,"Chung cư Hưng Vượng 1, đường Nguyễn Văn Linh, căn hộ E-407, P.Tân Phong, Q.7, TP.HCM",4350000.0,63.59,Căn hộ chung cư,2.0,1.0,68.4,68.4
46,5DZ1E7,"Căn hộ 203B, Tầng 3, Nhà N01, chung cư K26, số 33 Đường Dương Quảng Hàm, P.7, Q.Gò Vấp, TP.HCM",2900000.0,37.66,Căn hộ chung cư,2.0,2.0,77.0,70.43
47,3ABUZQ,"111 Tỉnh lộ 10 (ĐT825), TT.Đức Hòa, H.Đức Hòa, Long An",160.0,2.25,Căn hộ chung cư,2.0,2.0,71.0,67.0
48,5ED4W7,"lô số 4/10A Lê Hồng Phong, P.Đằng Hải, Q.Hải An, TP. Hải Phòng",5490000.0,61.55,Căn hộ chung cư,2.0,2.0,89.2,83.7
49,74BK5A,"Đại Lộ Bình Dương, P.Lái Thiêu, TP.Thuận An, Bình Dương",3100000.0,48.43,Căn hộ chung cư,2.0,1.0,64.0,59.0
50,9NT3FP,"14 Nguyễn Văn Tiết, P.Lái Thiêu, TP.Thuận An, Bình Dương",2520000.0,47.69,Căn hộ chung cư,1.0,1.0,52.9,50.42085996800315
51,DWKGVH,"BN2, P.Đông Hưng Thuận, Q.12, TP.HCM",1.98,0.0,Căn hộ chung cư,1.0,1.0,54.0,51.469308852025904
52,A4VZ4Y,"Chu Văn An, Hòa Phú, TP.Thủ Dầu Một, TP.HCM",1980000.0,55.0,Căn hộ chung cư,2.0,2.0,36000.0,34312.87256801727
53,KWSRNC,"Đào trí, P.Phú Thuận, Q.7, TP.HCM",7000000.0,90.21,Căn hộ chung cư,2.0,2.0,77.59,73.95377173756833
54,9VT2DP,"47-57 Nguyễn Thái Bình, P.Bến Thành, Q.1, TP.HCM",2050000.0,83.09,Căn hộ chung cư,1.0,1.0,24.67,24.67
55,7EGX5A,"Cao Ốc Fico 927 Trần Hưng Đạo, P.1, Q.5, TP.HCM",14000000.0,163.55,Căn hộ chung cư,2.0,2.0,85.6,85.0
56,5K4NP7,"B võ chí công, Bình Trưng Đông, Q.2, TP.HCM",5000000.0,70.42,Căn hộ chung cư,2.0,2.0,71.0,66.0
57,2MCUUZ,"Chung Cư Thiên Nam 7A/162 Thành Thái, P.14, Q.10, TP.HCM",9500000.0,75.27,Căn hộ chung cư,3.0,3.0,126.2,120.28568105788277
58,7KCRUA,"Căn Thương mại số 1.08, Tầng 1+2, Tháp M2, Chung cư Jamona City Đào Trí, P.Phú Thuận, Q.7, TP.HCM",6800000.0,37.52,Căn hộ chung cư,2.0,2.0,181.2,181.2
59,SDHH15,"Số 5G, Tầng 7, Chung cư 35-37 Bến Chương Dương, P.Nguyễn Thái Bình, Q.1, TP.HCM",7000000.0,98.28,Căn hộ chung cư,1.0,1.0,71.22,71.22
60,G1WKQ2,"26 Nguyễn thượng hiền, P.1, Q.Gò Vấp, TP.HCM",2000000.0,40.0,Căn hộ chung cư,2.0,2.0,50.0,46.0
61,928QAP,"Nguyễn Xiển, P.Long Thạnh Mỹ, Q.9, TP.HCM",3230000.0,69.91,Căn hộ chung cư,1.0,1.0,46.2,44.0348531289555
62,DY6UHF,"Trần Hưng Đạo, P.Phạm Ngũ Lão, Q.1, TP.HCM",15800000.0,132.18,Căn hộ chung cư,2.0,1.0,119.53,113.92826827930845
63,QKE7DU,"Tân Sơn Nhì, P.Tân Sơn Nhì, Q.Tân Phú, TP.HCM",2300000.0,41.07,Căn hộ chung cư,2.0,1.0,56.0,59.0
64,UCE6GS,"110A Phạm Văn Đồng, P.3, Q.Gò Vấp, TP.HCM",5200000.0,74.28,Căn hộ chung cư,2.0,2.0,70.0,66.71947443781136
65,AFEF9Y,"68/19 Nguyễn Bá Tòng, P.11, Q.Tân Bình, TP.HCM",1700000.0,50.0,Căn hộ chung cư,2.0,1.0,34.0,34.0
66,WZK56R,"Nguyễn bỉnh khiêm, P.1, Q.Gò Vấp, TP.HCM",2800000.0,56.0,Căn hộ chung cư,2.0,1.0,50.0,46.0
67,DFZJKH,"Nguyễn Văn Linh, Xã Bình Hưng, H.Bình Chánh, TP.HCM",5300000.0,68.69,Căn hộ chung cư,2.0,2.0,77.15,73.53439218395924
68,9X326P,"Căn hộ S20 Khối 1, 377 đường Tân Hương, P.Tân Quý, Q.Tân Phú, TP.HCM",780.0,34.66,Căn hộ chung cư,1.0,1.0,22.5,21.445545355010793
69,JT28D0,"Căn hộ số 4.09, tầng 5, Chung cư Thanh Niên Bàu Cát 2, P.14, Q.Tân Bình, TP.HCM",2600000.0,53.06,Căn hộ chung cư,2.0,1.0,49.0,46.70363210646795
70,SHH395,"Tòa nhà Landmark Plus 720A Điện Biên Phủ, P.22, Q.Bình Thạnh, TP.HCM",12000000.0,149.81,Căn hộ chung cư,2.0,2.0,80.1,70.6
71,1UDGJ6,"Căn hộ 5.12 Chung cư Nhiêu Lộc C - Lô D Dương Văn Dương, P.Tân Quý, Q.Tân Phú, TP.HCM",2850000.0,40.25,Căn hộ chung cư,2.0,2.0,70.8,67.48198271710062
72,KFPESC,"Căn hộ 3.18 Chung cư Petroland số 2 đường 62, P.Bình Trưng Đông, TP.Thủ Đức, TP.HCM",3900000.0,53.13,Căn hộ chung cư,2.0,2.0,73.4,69.96013462479077
73,KFWRBC,"3.03 Chung cư 540/1 Cách Mạng Tháng 8, P.11, Q.3, TP.HCM",9750000.0,75.87,Căn hộ chung cư,3.0,3.0,128.5,128.5
74,SBRF85,"Bùi Tư Toàn, P.An Lạc, Q.Bình Tân, TP.HCM",2850000.0,35.18,Căn hộ chung cư,3.0,2.0,81.0,81.0
75,JNM850,"Thuỷ Lợi, P.Phước Long A, TP.Thủ Đức, TP.HCM",3700000.0,58.54,Căn hộ chung cư,2.0,2.0,63.2,60.23815406385254
76,D4DRZH,"Căn hộ chung cư số 4.04, tầng 5, khối A, chung cư Vạn Gia Phúc (The Garden) số 295 Tân Kỳ Tân Quý, P.Tân Sơn Nhì, Q.Tân Phú, TP.HCM",5200000.0,65.0,Căn hộ chung cư,3.0,2.0,80.0,75.4
77,5K3RN7,"Căn hộ H10.04 Khu dân cư Happy Valley (R18), P.Tân Phong, Q.7, TP.HCM",11000000.0,110.11,Căn hộ chung cư,3.0,2.0,99.9,92.5
78,AB8E6Y,"Chung cư Hoàng Quốc Việt, P.Phú Thuận, Q.7, TP.HCM",3100000.0,51.66,Căn hộ chung cư,2.0,2.0,60.0,56.8
79,87RV83,"Tân Kỳ Tân Quý, P.Tân Sơn Nhì, Q.Tân Phú, TP.HCM",5000000.0,65.18,Căn hộ chung cư,3.0,2.0,76.7,73.10548127685902
80,3AFM4Q,"9 Ngô Chí Quốc, P.Bình Chiểu, TP.Thủ Đức, TP.HCM",2880000.0,41.14,Căn hộ chung cư,2.0,2.0,70.0,70.0
81,W0DTWR,"Số 49 Đường Số 45, P.14, Q.Gò Vấp, TP.HCM",4200000.0,34.22,Căn hộ chung cư,2.0,2.0,122.7,122.7
82,EW5SX4,"Chung cư 78 Tân Hòa Đông - Lô A, P.14, Q.6, TP.HCM",2050000.0,0.03,Căn hộ chung cư,2.0,1.0,62.9,59.95221345911906
83,5CVET7,"Căn hộ số 10.01, Block A Moonlight Park View, đường số 7, P.An Lạc A, Q.Bình Tân, TP.HCM",4750000.0,62.74,Căn hộ chung cư,3.0,2.0,75.7,72.15234592774743
84,QDK7HU,"Căn hộ G3.03 Chung cư Happy Valley, đường Nguyễn Văn Linh, P.Tân Phong, Q.7, TP.HCM",14000000.0,120.68,Căn hộ chung cư,2.0,2.0,116.0,110.0
85,5YBPE7,"Căn 13.16 Chung cư Thái An 2, P.Đông Hưng Thuận, Q.12, TP.HCM",3700000.0,50.59,Căn hộ chung cư,2.0,2.0,73.13,69.70278808053064
86,7965A8,"Căn 2.4 - Tầng 3 Chung cư 482A Nơ Trang Long, P.13, Q.Bình Thạnh, TP.HCM",3100000.0,62.0,Căn hộ chung cư,2.0,1.0,50.0,47.65676745557954
87,AK08MY,"Căn hộ BS929.09, 512 Đường Nguyễn Xiển, Long Thạnh Mỹ, Q.9, TP.HCM",3900000.0,65.0,Căn hộ chung cư,2.0,2.0,58.9,56.139672062672695
88,EWVCK4,"Căn 348 (Lầu 3) Chung cư Hào Huê, P.7, Q.5, TP.HCM",3200000.0,54.41,Căn hộ chung cư,2.0,1.0,58.81,56.05388988125266
89,4P2J9F,"Căn hộ 17.06 Chung cư Scenic Valley 1, đường Tôn Dật Tiên, P.Tân Phú, Q.7, TP.HCM",8500000.0,95.72,Căn hộ chung cư,2.0,2.0,88.8,83.4
90,65K6F8,"Chung cư Khang Gia, số 59 Hồ Thành Biên, P.4, Q.8, TP.HCM",1900000.0,31.66,Căn hộ chung cư,2.0,1.0,60.0,56.0
91,C415FB,"Căn hộ 0.29 - Chung cư Bàu Cát 2, 10, Q.Tân Bình, TP.HCM",6500000.0,90.27,Căn hộ chung cư,2.0,2.0,68.0,64.81320373958818
92,5Y2JQ7,"Căn 1.8 Chung cư 275 Lê Văn Sỹ, P.1, Q.Tân Bình, TP.HCM",14500000.0,213.23,Căn hộ chung cư,1.0,1.0,68.0,64.81320373958818
93,PVEFHG,"Chung cư Victoria Village số 266 Trương Văn Bang, P.Cát Lái, TP.Thủ Đức, TP.HCM",6080000.0,88.11,Căn hộ chung cư,2.0,2.0,69.0,65.76633908869977
94,WPAXGR,"Căn hộ số 4.04- Lô B Chung cư CH2, đường số 10, Khu dân cư Cityland, P.10, Q.Gò Vấp, TP.HCM",7200000.0,72.28,Căn hộ chung cư,3.0,2.0,99.6,91.8
95,DCXF3H,"Căn 1159 trệt và 112/32F Chung cư đường Trần Hưng Đạo, P.5, Q.5, TP.HCM",22000000.0,107.63,Căn hộ chung cư,4.0,5.0,204.4,194.82086535840918
96,5Y92Y7,"Căn hộ số 018 (Tầng 1+ lửng) Bàu Cát 2, P.14, Q.Tân Bình, TP.HCM",7500000.0,115.83,Căn hộ chung cư,2.0,1.0,64.75,61.715513854975505
97,7DV7HA,"Căn 22.1 - Tháp E2  Chung cư Masteri Centre Point, P.Long Bình, TP.Thủ Đức, TP.HCM",6100000.0,81.98,Căn hộ chung cư,2.0,2.0,74.4,70.91326997390236
98,QT0FUQ,"Căn 207 Chung cư 292 Bến Chương Dương, 482 Võ Văn Kiệt, Cầu Kho, Q.1, TP.HCM",3700000.0,0.08,Căn hộ chung cư,1.0,1.0,42.82,40.81325564895832
99,SY3GW5,"Căn hộ 3.19, Chung cư Nguyễn Ngọc Phương, số 66 Nguyễn Ngọc Phương, P.19, Q.Bình Thạnh, TP.HCM",8300000.000000001,87.64,Căn hộ chung cư,3.0,2.0,94.7,90.26191756086766
100,R9FYBJ,"Căn hộ 21.07, Tầng 21, Toà nhà GH3 - Khu B - 88 Phước Thiện, P.Long Bình, TP.Thủ Đức, TP.HCM",3450000.0,80.79,Căn hộ chung cư,1.0,1.0,42.7,40.69887940706493
101,QA1R8U,"Căn hộ số 11C23 Block C - tầng 11, Số 1122 Ngô Quyền, P.An Hải Nam, Q.Sơn Trà, TP. Đà Nẵng",3600000.0,53.57,Căn hộ chung cư,2.0,1.0,67.2,67.2
102,R2U2CJ,"Khu đô thị mới Văn Quán, P.Phúc La, Q.Hà Đông, TP. Hà Nội",5360000.0,67.42,Căn hộ chung cư,2.0,1.0,79.5,75.77426025437147
103,49UT4F,"Lộc Ninh Singashine, Đường Quốc lộ 6, TT.Chúc Sơn, H.Chương Mỹ, TP. Hà Nội",2850000.0,53.47,Căn hộ chung cư,2.0,2.0,53.3,50.80211410764779
104,GXFRA2,"Căn hộ số K6-1109 Dự án Khai Sơn City, P.Thượng Thanh, Q.Long Biên, TP. Hà Nội",9200000.0,76.66,Căn hộ chung cư,3.0,3.0,120.0,120.0
105,D4T7MH,"Ô đất B2-CT03, Tòa T26M-1 (S2.10), Dự án khu đô thị Gia Lâm, Xã Đa Tốn, H.Gia Lâm, TP. Hà Nội",3700000.0,59.29,Căn hộ chung cư,2.0,2.0,62.4,59.47564578456326
106,PM5DKG,"Căn thương mại Phương Đông Green Park, số 1 Trần Thủ Độ, P.Hoàng Liệt, Q.Hoàng Mai, TP. Hà Nội",6800000.0,85.75,Căn hộ chung cư,1.0,1.0,79.3,75.58363318454914
107,UC5YYS,"A Bà Huyện Thanh Quan, P.Đông Hòa, TP.Dĩ An, Bình Dương",2500000.0,45.45,Căn hộ chung cư,2.0,2.0,55.0,52.0
108,8YSR73,"12 bờ bao sông, P.Lái Thiêu, TP.Thuận An, Bình Dương",2300000.0,48.93,Căn hộ chung cư,1.0,1.0,47.0,42.0
109,3HCX9Q,"20 trần quang  diệu, P.Dĩ An, TP.Dĩ An, Bình Dương",1800000.0,36.73,Căn hộ chung cư,1.0,1.0,49.0,46.0
110,G63RT2,"123 Quốc lộ 13, P.Thuận Giao, TP.Thuận An, Bình Dương",2400000.0,36.36,Căn hộ chung cư,2.0,2.0,66.0,61.0
111,GXRTB2,"Căn hộ chung cư số B15 - Tầng 7 Nhà ở xã hội - 444 Ngô Quyền, P.Vĩnh Lạc, TP.Rạch Giá, Kiên Giang",400.0,8.77,Căn hộ chung cư,2.0,1.0,45.6,42.4
112,EGXW24,"T1 An Đồng, P.An Đồng, Q.An Dương, TP. Hải Phòng",2290000.0,38.2,Căn hộ chung cư,2.0,1.0,60.0,64.21
113,P1UZ1G,"12A T1, P.An Đồng, Q.An Dương, TP. Hải Phòng",2290000.0,38.2,Căn hộ chung cư,2.0,1.0,60.0,64.21
114,G6ST12,"T1.05.12A An Đồng, P.An Đồng, Q.An Dương, TP. Hải Phòng",2290000.0,38.2,Căn hộ chung cư,2.0,1.0,60.0,64.21
115,SB9FV5,"13 Bùi Viện, P.Đồng Hoà, Q.Kiến An, TP. Hải Phòng",4100000.0,45.05,Căn hộ chung cư,3.0,2.0,91.0,87.0
116,WT3M3R,"12 Bùi Viện, P.Đồng Hoà, Q.Kiến An, TP. Hải Phòng",3500000.0,38.88,Căn hộ chung cư,3.0,2.0,90.0,87.0
117,74RVJA,"08 Bùi Viện, P.Đồng Hoà, Q.Kiến An, TP. Hải Phòng",3500000.0,38.88,Căn hộ chung cư,3.0,2.0,90.0,86.0
118,QKBTVU,"03 Bùi Viện, P.Đồng Hoà, Q.Kiến An, TP. Hải Phòng",2500000.0,35.71,Căn hộ chung cư,2.0,2.0,70.0,66.2
119,3D3JRQ,"Căn hộ A06.03 Chung Cư Hoàng Anh Gia Lai Lake View Residence Hàm Nghi, P.Thạc Gián, Q.Thanh Khê, TP. Đà Nẵng",4050000.0,36.61,Căn hộ chung cư,3.0,2.0,110.6,105.41676961174194
120,YER46D,"Quang Trung, P.Phú La, Q.Hà Đông, TP. Hà Nội",6000000.0,86.33,Căn hộ chung cư,2.0,2.0,69.5,64.5
121,8DR873,"hạnh hoa, P.Phúc La, Q.Hà Đông, TP. Hà Nội",4000000.0,50.31,Căn hộ chung cư,2.0,1.0,79.5,75.77426025437147
122,8DFDJ3,"Như Nguyệt, P.Thuận Phước, Q.Hải Châu, TP. Đà Nẵng",6500000.0,81.25,Căn hộ chung cư,2.0,2.0,80.0,76.8
123,5EKCE7,". 29/3, P.Hòa Xuân, Q.Cẩm Lệ, TP. Đà Nẵng",2200000.0,40.0,Căn hộ chung cư,2.0,1.0,55.0,49.0
124,P1ZJUG,"1 Minh Mạng, P.Hòa Xuân, Q.Cẩm Lệ, TP. Đà Nẵng",2800000.0,43.07,Căn hộ chung cư,2.0,1.0,65.0,61.0
125,SC3CH5,"01 Võ Nguyên Giáp, P.An Hải Bắc, Q.Sơn Trà, TP. Đà Nẵng",3000000.0,50.0,Căn hộ chung cư,1.0,1.0,60.0,52.0
126,3D1YEQ,"Võ Nguyên Giáp, P.An Hải Bắc, Q.Sơn Trà, TP. Đà Nẵng",12000000.0,75.0,Căn hộ chung cư,2.0,2.0,160.0,152.0
127,WZB0CR,"Tố Hữu, P.Mễ Trì, Q.Nam Từ Liêm, TP. Hà Nội",6000000.0,78.94,Căn hộ chung cư,2.0,2.0,76.0,75.0
128,8AZR43,"xuân phương, Xã Sơn Đồng, H.Hoài Đức, TP. Hà Nội",5350000.0,73.48,Căn hộ chung cư,2.0,2.0,72.8,66.67
129,R2E7FJ,"Căn hộ chung cư số 3614, Tháp CT-C, tầng 16, chung cư Intracom Riverside Võ Nguyên Giáp, Xã Vĩnh Ngọc, H.Đông Anh, TP. Hà Nội",4000000.0,73.66,Căn hộ chung cư,2.0,2.0,54.3,51.75524945675938
130,C9V1FB,"Phòng 1703ct1b2 khu đô thị xala, P.Phúc La, Q.Hà Đông, TP. Hà Nội",4000000.0,50.31,Căn hộ chung cư,2.0,1.0,79.5,75.77426025437147
131,3HCGFQ,"46 Điện Biên Phủ, P.Chính Gián, Q.Thanh Khê, TP. Đà Nẵng",2600000.0,43.33,Căn hộ chung cư,1.0,1.0,60.0,49.0
132,WT0E8R,"18 Lê Đức Thọ, P.Mân Thái, Q.Sơn Trà, TP. Đà Nẵng",4500000.0,73.77,Căn hộ chung cư,2.0,2.0,61.0,58.0
133,6YQX28,"48 Điện Biên Phủ, P.Thạc Gián, Q.Thanh Khê, TP. Đà Nẵng",2500000.0,49.01,Căn hộ chung cư,1.0,1.0,51.0,47.0
134,74YQ3A,"03 võ nguyên giáp, P.An Hải Bắc, Q.Sơn Trà, TP. Đà Nẵng",2800000.0,80.0,Căn hộ chung cư,1.0,1.0,35.0,30.0
135,3D3ZXQ,"46 Điện Biên Phủ, P.Thạc Gián, Q.Thanh Khê, TP. Đà Nẵng",2400000.0,47.05,Căn hộ chung cư,1.0,1.0,51.0,47.25
136,G1GKM2,"Điện Biên Phủ, P.Chính Gián, Q.Thanh Khê, TP. Đà Nẵng",2300000.0,38.33,Căn hộ chung cư,1.0,1.0,60.0,60.0
137,262D8Z,"Lô số 03 Lê Đức Thọ, P.Thọ Quang, Q.Sơn Trà, TP. Đà Nẵng",4500000.0,78.94,Căn hộ chung cư,2.0,2.0,57.0,57.0
138,G1GQ02,"48 Điện Biên Phủ, P.Hải Châu, Q.Hải Châu, TP. Đà Nẵng",2300000.0,48.93,Căn hộ chung cư,1.0,1.0,47.0,44.79736140824477
139,3Y776Q,"d19 vũ đình liệu, P.Hưng Phú, Q.Cái Răng, TP. Cần Thơ",1500000.0,25.42,Căn hộ chung cư,2.0,1.0,59.0,56.23498559758386
140,YEMGMD,"Căn hộ số 1912AB - Tháp B, Chung cư Lộc Ninh Singashine Quốc Lộ 6, TT.Chúc Sơn, H.Chương Mỹ, TP. Hà Nội",2500000.0,51.12,Căn hộ chung cư,2.0,1.0,48.9,46.60831857155679
141,QHQJ8U,"Nguyễn Phước Lan, P.Hoà Quý, Q.Ngũ Hành Sơn, TP. Đà Nẵng",2600000.0,44.82,Căn hộ chung cư,1.0,1.0,58.0,52.0
142,0ZBEQ9,"Lô B5.1, Khu đô thị FPT Hoàng Minh Thắng, P.Hoà Hải, Q.Ngũ Hành Sơn, TP. Đà Nẵng",3300000.0,48.03,Căn hộ chung cư,2.0,1.0,68.7,65.4803984839663
143,UC70JS,"Nguyễn Phước Lan, P.Hoà Quý, Q.Ngũ Hành Sơn, TP. Đà Nẵng",2600000.0,50.0,Căn hộ chung cư,2.0,1.0,52.0,52.0
144,67WMY8,"Căn hộ B9.03 Chung cư The ZEI - Lê Đức Thọ, P.Mỹ Đình 2, Q.Nam Từ Liêm, TP. Hà Nội",13000000.0,121.38,Căn hộ chung cư,3.0,2.0,107.1,102.08079588985137
145,ABZ9EY,"Căn 2628 - Tầng 26 Tòa nhà CT12C - Khu đô thị mới Kim Văn - Kim Lũ, P.Đại Kim, Q.Hoàng Mai, TP. Hà Nội",3800000.0,71.02,Căn hộ chung cư,2.0,2.0,53.5,50.99274117747011
146,QHRX5U,"Căn hộ A-12-06 Chung cư Kim Cương Xanh - Cara River Park, Khu đô thị Nam Cần Thơ, P.Hưng Thạnh, Q.Cái Răng, TP. Cần Thơ",4000000.0,57.72,Căn hộ chung cư,2.0,2.0,69.3,64.7
147,WG34WR,"Tòa nhà ZR2 (Z30M), Lô đất B1-CT02, Dự án Khu đô thị Gia Lâm, Xã Đa Tốn, H.Gia Lâm, TP. Hà Nội",6100000.0,70.03,Căn hộ chung cư,3.0,2.0,87.1,83.01808890761956
148,QA0C5U,"Chung cư CT6B, Khu đô thị Vĩnh Điềm Trung, Xã Vĩnh Ngọc, TP.Nha Trang, Khánh Hòa",1850000.0,42.78,Căn hộ chung cư,1.0,1.0,43.24,41.21357249558519
149,4009ZF,"Căn hộ số 8.7 ( tầng 9 ), chung cư An Thịnh, 2B Ngô Gia Khảm, P.Vĩnh Hải, TP.Nha Trang, Khánh Hòa",1600000.0,37.2,Căn hộ chung cư,2.0,1.0,43.0,43.0
150,SKK9H5,"Tố Hữu, P.Phước Hải, TP.Nha Trang, Khánh Hòa",5000000.0,53.99,Căn hộ chung cư,2.0,2.0,92.6,92.6
151,RZXCDJ,"Chung cư CT7A, Khu đô thị Vĩnh Diềm Trung, Xã Vĩnh Hiệp, TP.Nha Trang, Khánh Hòa",2500000.0,34.99,Căn hộ chung cư,3.0,2.0,71.44,68.09198934053205
152,AC6UJY,"Chung cư CT5, Khu đô thị Vĩnh Điềm Trung, Xã Vĩnh Ngọc, TP.Nha Trang, Khánh Hòa",2490000.0,42.57,Căn hộ chung cư,2.0,1.0,58.6,55.853731457939226
153,D4TUTH,"số 4 Tôn Đản, P.Lộc Thọ, TP.Nha Trang, Khánh Hòa",7300000.0,78.83,Căn hộ chung cư,2.0,2.0,92.6,88.2603333277333
154,2V3ETZ,"Căn hộ 907B (tầng 9) Ô CTXH01, Khu đô thị VCN, P.Phước Long, TP.Nha Trang, Khánh Hòa",2890000.0,41.28,Căn hộ chung cư,2.0,1.0,70.0,66.71947443781136
155,PX2EMG,"Chung cư Maple Hotel & Apartment, số 4 Tôn Đản, P.Lộc Thọ, TP.Nha Trang, Khánh Hòa",4190000.000000001,70.33,Căn hộ chung cư,1.0,1.0,59.7,56.90218034196197
156,5HA8Q7,"Căn hộ số 1.19 Chung Cư CT1 VCN Phước Hải, Cao Bá Quát - Cầu Lùng, P.Phước Hải, TP.Nha Trang, Khánh Hòa",3200000.0,49.38,Căn hộ chung cư,2.0,1.0,64.8,61.76317062243108
157,3AYK3Q,"Căn hộ chung cư số 510A Khu đô thị vcn - Phước Long 2, P.Phước Long, TP.Nha Trang, Khánh Hòa",2600000.0,39.33,Căn hộ chung cư,2.0,1.0,66.1,66.1
158,SHDRY5,"68 Quốc Lộ 13, P.Vĩnh Phú, TP.Thuận An, Bình Dương",4220000.0,65.54,Căn hộ chung cư,2.0,2.0,64.49,59.74
159,9N3Z6P,"70-92 Phan bội Châu, P.Phú Thọ, TP.Thủ Dầu Một, Bình Dương",2650000.0,33.97,Căn hộ chung cư,3.0,2.0,78.0,74.34455723070408
