address,total_price,price_per_m2,area_calculated,latitude,longitude,center_distance_km,số phòng ngủ,số phòng tắm,diện tích sử dụng
"60/15/16A số 2, P.Hiệp Bình Phước, TP.Thủ Đức, TP.HCM",5600000.0,76.19,73500.45937787111,10.842391103330378,106.74245297849127,8.396890209420162,2.0,2.0,
"217 Võ Thị Sáu, Đông Hòa, Dĩ An, TP.HCM",6950000.0,96.52,72005.80190634065,10.735662528548675,106.67743835510889,5.421770358087251,4.0,4.0,72m²
"222/4 Nguyễn Thái Sơn, P.4, Q.Gò Vấp, TP.HCM",7120000.0,78.65,90527.65416401779,10.823465870706453,106.67026373857504,5.765444192545126,,,90.60m²
"Nguyễn Bình Ấp 2, Xã Phú Xuân, H.Nhà Bè, TP.HCM",3650000.0,82.95,44002.41109101869,10.684405022298817,106.73028107453132,11.090294625017457,2.0,1.0,33.30m²
"77/4 Quốc lộ 1A, P.Linh Xuân, TP.Thủ Đức, TP.HCM",4900000.0,41.88,117000.95510983763,10.836898738419492,106.74670799609035,8.19138969495691,,,117m²
"Nguyễn An Ninh, P.14, Q.Bình Thạnh, TP.HCM",30000000.0,145.98,205507.60378133992,10.80886601185153,106.72123796509136,4.030781086349851,3.0,5.0,164m²
"146/3 Nguyễn Văn Trỗi, P.8, Q.Phú Nhuận, TP.HCM",14600000.0,224.61,65001.55825653354,10.804383064722826,106.67159592046717,4.050128082338016,1.0,1.0,70m²
"01 KP1, P.Thạnh Lộc, Q.12, TP.HCM",5100000.0,48.75,104615.38461538461,10.764119719213419,106.68742000839562,2.148106606712539,,,104.60m²
"33 Hẻm 164, P.Tân Chánh Hiệp, Q.12, TP.HCM",6100000.0,60.09,101514.39507405557,10.768903339661572,106.70755934733961,1.5229598386692706,,,101.50m²
"330 An Bình, P.7, Q.5, TP.HCM",13200000.0,255.81,51600.79746686994,10.789393264993278,106.65578990950223,4.846744743060645,,,51.60m²
"23 Hẻm 30, P.Tân Chánh Hiệp, Q.12, TP.HCM",7100000.0,50.1,141716.56686626747,10.781626778728777,106.71029606691775,1.2490864588561545,,,141.70m²
"4a2 Hẻm 116, P.Hiệp Thành, Q.12, TP.HCM",7700000.0,50.35,152929.4935451837,10.77367158788467,106.69602137147972,0.7519365996048685,,,152.90m²
"47/7A Huỳnh Tấn Phát, P.Tân Thuận Tây, Q.7, TP.HCM",8000000.0,74.62,107209.86330742428,10.811537428959243,106.71899862016548,4.13591699721998,,,107.20m²
"813/9 Long Phước, Long Phước, Q.9, TP.HCM",6000000.0,67.95,88300.22075055187,10.779362661797933,106.67109461147675,3.05537466420663,2.0,2.0,77.10m²
"Hẻm 17 Lê Văn Khương, P.Hiệp Thành, Q.12, TP.HCM",4200000.0,58.33,72004.11452082977,10.769901513757308,106.7160761970953,2.161422567739988,,,72m²
"34 Hẻm 551/195, P.Hiệp Thành, Q.12, TP.HCM",7500000.0,47.37,158328.05573147562,10.771420108484785,106.70193749502941,0.978455742151344,,,158.30m²
"880 Trường Chinh, Q.Tân Bình, TP.HCM",3500000.0,103.36,33862.229102167184,10.80070864423223,106.6524315538583,5.596926494899158,,,33.86m²
"TK 11/22 đường Võ Văn Kiệt, P.Cầu Kho, Q.1, TP.HCM",6700000.0,2.61,2567049.8084291187,10.76662086247274,106.70644227165299,1.6666920711202715,5.0,6.0,52.40m²
"182/44A Bạch Đằng, P.14, Q.Bình Thạnh, TP.HCM",3000000.0,157.89,19000.570017100516,10.800206838950752,106.70424418701012,2.329843634959209,2.0,1.0,38m²
"518/21/46 Võ Văn Kiệt, P.Cầu Ông Lãnh, Q.1, TP.HCM",9000000.0,375.0,24000.0,10.768964607511586,106.70976687934196,1.6768980303665975,2.0,3.0,78.30m²
"39/11 Thạnh Lộc 40, P.Thạnh Lộc, Q.12, TP.HCM",5600000.0,101.81,55004.419998035555,10.776966715874265,106.70228448312281,0.47331663481892544,2.0,2.0,110m²
"19 Lê Trọng Tấn, P.Bình Hưng Hòa, Q.Bình Tân, TP.HCM",8800000.0,60.68,145023.07185234016,10.775311172586113,106.61806901917748,8.868195127676433,,,145m²
"đường 26/3, P.Bình Hưng Hòa, Q.Bình Tân, TP.HCM",8490000.0,152.85,55544.651619234544,10.757562002259357,106.58979941641866,12.196812815350565,4.0,5.0,
"409/40/66/12/20 Tân Chánh Hiệp 13, P.Trung Mỹ Tây, Q.12, TP.HCM",3900000.0,125.4,31100.47846889952,10.764934018034513,106.7058153858812,1.8026575566772483,2.0,2.0,58.10m²
"373/172/5/3 Lý Thường Kiệt, P.8, Q.Tân Bình, TP.HCM",7500000.0,154.95,48402.7105517909,10.798541009809638,106.64533841060461,6.227478502913232,4.0,5.0,156.40m²
"3/4 Tân Thới Nhất 13B, P.Tân Thới Nhất, Q.12, TP.HCM",11800000.0,70.15,168210.9764789736,10.768595121153805,106.69270510605476,1.4178284176815077,3.0,3.0,238.80m²
"97/35 Phạm Phú Thứ, P.2, Q.6, TP.HCM",2850000.0,80.96,35202.56916996048,10.77021643727292,106.71454621716961,2.000197037011468,4.0,3.0,86m²
"8/24C Trương Công Định, Q.Tân Bình, TP.HCM",5740000.0,116.94,49085.00085513939,10.812776131212855,106.64849253169805,6.622763132324142,,,49.10m²
"633/12/2 Hồng Bàng, P.6, Q.6, TP.HCM",15000000.0,206.34,72695.55103227682,10.81486058259428,106.6806480443903,4.36959709833829,6.0,2.0,189.20m²
"101/50A7 Kênh Tân Hóa, P.14, Q.6, TP.HCM",10500000.0,225.32,46600.39055565418,10.820470518041548,106.66143643404789,6.095393320597208,5.0,5.0,218.80m²
"8/24C Trương Công Định, P.14, Q.Tân Bình, TP.HCM",5310000.0,120.46,44081.0227461398,10.799003538517534,106.64008688147781,6.787548974076823,,,44.16m²
"17C Hẻm A4, Xã Lê Minh Xuân, H.Bình Chánh, TP.HCM",3610000.0,16.36,220660.1466992665,10.687713849964894,106.60431673369436,14.52746562298151,,,220.70m²
"45/16M Tổ 45 KP4, P.Tân Chánh Hiệp, Q.12, TP.HCM",4800000.0,49.94,96115.3384060873,10.779951429607438,106.71275980785008,1.5019310725530375,,,96.10m²
"48 Thống Nhất, P.16, Q.Gò Vấp, TP.HCM",5750000.0,69.86,82307.4720870312,10.827996836214075,106.68091769772413,5.688760416945714,,,82.30m²
"Bãi Sậy, P.1, Q.6, TP.HCM",13000000.0,92.85,140010.77005923534,10.79349637952792,106.69917114660304,1.5167400600661325,3.0,2.0,201.95m²
"Nguyễn Văn Luông, P.11, Q.6, TP.HCM",12500000.0,89.4,139821.02908277404,10.742995437707396,106.74477678349655,6.449617752895936,4.0,3.0,
"A16 Ấp Mỹ Hòa 2, Xã Xuân Thới Đông, H.Hóc Môn, TP.HCM",3900000.0,37.0,105405.4054054054,10.894987742618413,106.60339926539818,16.484129323234225,,,105.40m²
"84 Phạm Hữu Lầu, P.Phú Mỹ, Q.7, TP.HCM",6100000.0,63.89,95476.60040694944,10.790343567632439,106.68415117072325,2.0028029189825465,,,95.47m²
"132/153 Đoàn Văn Bơ, P.14, Q.4, TP.HCM",7800000.0,92.52,84306.09597924774,10.806196896879813,106.73314102673318,4.738497921136692,,,84.30m²
"224 Hiệp Thành 5, P.Tân Thới Hiệp, Q.12, TP.HCM",6900000.0,62.16,111003.861003861,10.777365536874973,106.71521640882797,1.790611451720395,,,111m²
"B3/5, ấp 2, Xã Vĩnh Lộc A, H.Bình Chánh, TP.HCM",5300000.0,16.8,315476.1904761905,10.690220875620161,106.60537749479846,14.250763479421725,2.0,2.0,
"đường Bà Ký, P.9, Q.6, TP.HCM",9000000.0,107.89,83418.29641301326,10.8191268704117,106.70759356046553,4.451410350570364,2.0,2.0,
"44 Số 32, P.Tân Phong, Q.7, TP.HCM",16900000.0,234.72,72000.68166325835,10.778590038585746,106.71697928530153,1.9677422230429489,7.0,4.0,190.08m²
"115/1/82 Nguyên Hồng, P.1, Q.Gò Vấp, TP.HCM",1980000.0,154.68,12800.620636152054,10.822356631239066,106.68481828483658,4.958771086879417,2.0,2.0,25.60m²
"50/7 Trần Xuân Soạn, P.Tân Kiểng, Q.7, TP.HCM",6900000.0,76.32,90408.80503144655,10.806505110229399,106.7467142035084,5.994406900774768,,,90.40m²
"115/15 Lê Trọng Tấn, P.Sơn Kỳ, Q.Tân Phú, TP.HCM",6900000.0,146.49,47102.191275855,10.79005042002993,106.63064240958596,7.564765500370546,4.0,3.0,133.30m²
"đường Trần Hưng Đạo, P.Cầu Kho, Q.1, TP.HCM",8500000.0,257.57,33000.73766354778,10.790325270016536,106.69277122568317,1.3518662368109933,5.0,5.0,
"Hậu Giang, P.2, Q.6, TP.HCM",7500000.0,100.14,74895.14679448772,10.756432372531702,106.73570094977535,4.770799797568973,5.0,6.0,131.30m²
"263/34  Xóm Chiếu, P.15, Q.4, TP.HCM",13500000.0,156.97,86003.69497356183,10.815662806429174,106.6834415214078,4.319143194589579,4.0,4.0,241.20m²
"73/24/22 Đô Đốc Long, P.Tân Quý, Q.Tân Phú, TP.HCM",6300000.0,75.63,83300.27766759224,10.80353280499692,106.61538952171475,9.516715181925184,,,83.30m²
"đường số 339, P.Phước Long B, TP.Thủ Đức, TP.HCM",20000000.0,97.89,204310.96128307283,10.859953218528288,106.75406420851647,10.717127913222713,5.0,5.0,
"724/12 Tổ 39 Khu phố 3, P.10, Q.10, TP.HCM",9300000.0,173.5,53602.30547550432,10.769995621919238,106.69350766490346,1.2397785210821168,,,53.60m²
"Trường Chinh, P.12, Q.Tân Bình, TP.HCM",8500000.0,2.07,4106280.193236715,10.80332365686061,106.63966566300348,6.9947329560192175,2.0,2.0,71.62m²
"32/36/26G Ông Ích Khiêm, P.11, Q.11, TP.HCM",2150000.0,154.67,13900.562487877418,10.778502826172156,106.68778093405182,1.2382194431419196,2.0,2.0,27.80m²
"383/70 Quang trung, P.10, Q.Gò Vấp, TP.HCM",6900000.0,110.22,62602.068590092545,10.82626720295914,106.67906611051811,5.585795935537588,3.0,2.0,104.50m²
"208/56 Đoàn Văn Bơ, P.9, Q.4, TP.HCM",5300000.0,139.47,38001.00380010038,10.821525761297961,106.69189518114202,4.6825125916463595,4.0,3.0,99.60m²
"Phan Anh, P.Hiệp Tân, Q.Tân Phú, TP.HCM",6400000.0,102.89,62202.352026436,10.797850762407588,106.61378514592225,9.534317982625598,3.0,2.0,124.60m²
"135/14 Đường Bình Thới, P.11, Q.11, TP.HCM",8300000.000000001,126.33,65700.94197736088,10.770228602325727,106.70051771205836,1.0695454788649292,2.0,2.0,81.20m²
"131/26 Kinh Dương Vương, P.12, Q.6, TP.HCM",16500000.0,93.05,177324.01934443848,10.783309227161169,106.72365403201582,2.72134663623126,6.0,5.0,
"Thới An 13, P.Thới An, Q.12, TP.HCM",4200000.0,73.68,57003.25732899022,10.769972112845279,106.71083380148717,1.6868178776344187,2.0,2.0,74.80m²
"Bùi Đình Tuý, P.12, Q.Bình Thạnh, TP.HCM",6850000.0,143.9,47602.50173731758,10.807403358765367,106.72307893737944,4.031268703309553,2.0,2.0,
"63/7 Đường Thạnh Lộc 40, P.Thạnh Lộc, Q.12, TP.HCM",7980000.0,123.91,64401.58179323703,10.787913343330155,106.70915758491816,1.4267744116321652,4.0,4.0,225.50m²
"120/2A Đường Thới An 13, P.Thới An, Q.12, TP.HCM",6000000.0,100.0,60000.0,10.788415077106826,106.71272149109623,1.7759749890517609,5.0,4.0,133.60m²
"Huỳnh Tấn Phát, P.Phú Mỹ, Q.7, TP.HCM",4300000.0,125.36,34301.21250797703,10.823442045638485,106.6832789143473,5.12699733791264,2.0,2.0,32.70m²
"58/1C Đồng Nai, P.15, Q.10, TP.HCM",10950000.0,218.56,50100.6588579795,10.778358091788016,106.69515409522587,0.45212612050004103,5.0,4.0,159m²
"270/33 Lý Thường Kiệt, P.14, Q.10, TP.HCM",22000000.0,259.12,84902.74776165483,10.766323169289834,106.69143870289926,1.704774511067211,5.0,4.0,220.80m²
"C2/61B Tân Liêm, Xã Phong Phú, H.Bình Chánh, TP.HCM",4500000.0,52.14,86306.09896432681,10.674970113111206,106.6040733297626,15.566081820254924,1.0,1.0,
"Huỳnh Tấn Phát, P.Phú Thuận, Q.7, TP.HCM",5700000.0,121.79,46801.872074882995,10.756215211289842,106.7265062125901,3.9785975774357643,3.0,4.0,150m²
"103/2A3 Đường Lý Chiêu Hoàng, P.10, Q.6, TP.HCM",11200000.0,133.01,84204.19517329524,10.75710404282936,106.69235794938177,2.6127229255634705,9.0,9.0,270.90m²
"872/91 Quang Trung, P.8, Q.Gò Vấp, TP.HCM",16800000.0,235.95,71201.52574698029,10.840090951496506,106.68912911925594,6.757907150025062,8.0,10.0,345.90m²
"93/13/8 Nguyễn Du, P.7, Q.Gò Vấp, TP.HCM",2290000.0,238.54,9600.067074704453,10.815280494492976,106.66850948172805,5.153139978836812,1.0,2.0,17.90m²
"An Phú Đông 11, P.An Phú Đông, Q.12, TP.HCM",1650000.0,47.14,35002.121340687314,10.770517290618253,106.71138613906531,1.6963859227689373,1.0,1.0,
"550/31 Lê Hồng Phong, P.10, Q.10, TP.HCM",3350000.0,239.28,14000.334336342361,10.769263263870407,106.69694751280655,1.1858765529857793,2.0,2.0,
"40/2 Ấp Mới 2, Xã Trung Chánh, H.Hóc Môn, TP.HCM",6700000.0,45.64,146801.05170902718,10.888475650345947,106.593909210037,16.63336683161005,3.0,2.0,40.10m²
"Bùi Thị Xuân, P.3, Q.Tân Bình, TP.HCM",7200000.0,141.17,51002.33760714033,10.798490570495936,106.66390210827383,4.363304041419192,2.0,1.0,89.38m²
"220/54/8 Âu Cơ, P.9, Q.Tân Bình, TP.HCM",7500000.0,183.37,40900.91072694552,10.810858287377634,106.64695722764738,6.651464845743633,1.0,1.0,40.90m²
"26A đường số 2B, P.Bình Hưng Hoà A, Q.Bình Tân, TP.HCM",8300000.000000001,128.68,64501.087970158536,10.767643469715122,106.6002841339939,10.882809530289462,1.0,1.0,111.20m²
"116/10/3 Lê Bình, P.4, Q.Tân Bình, TP.HCM",5100000.0,209.01,24400.746375771494,10.80501047023052,106.64317202464855,6.715693535048104,3.0,3.0,74.90m²
"578A/13 Ấp 1, Xã An Phú Tây, H.Bình Chánh, TP.HCM",12000000.0,33.38,359496.704613541,10.687105736955571,106.60049837705442,14.874494734640649,6.0,6.0,
"33/20/3 Thạnh Xuân 33, P.Thạnh Xuân, Q.12, TP.HCM",3850000.0,64.16,60006.23441396509,10.78090907670274,106.7015195398388,0.29952092361836946,2.0,2.0,
"18/8 Đường Phù Đổng Thiên Vương, P.11, Q.5, TP.HCM",6600000.0,151.37,43601.770496135294,10.810612936839126,106.69312371684093,3.4705742821658614,2.0,2.0,124.68m²
"293/31/1H Phan Xích Long, P.2, Q.Phú Nhuận, TP.HCM",6400000.0,188.23,34000.95627689529,10.795986383222088,106.67076609382168,3.5728143012416145,6.0,4.0,57.30m²
"350/30/3 Nguyễn Văn Khối, P.9, Q.Gò Vấp, TP.HCM",6180000.0,201.3,30700.447093889714,10.813753442125062,106.68881895021151,3.919729437642174,3.0,4.0,
"195/1B Tôn Thất Thuyết, P.3, Q.4, TP.HCM",8500000.0,236.11,36000.16941256194,10.759296583821298,106.6661257773148,4.252733733279905,3.0,4.0,113m²
"Điện Biên Phủ, P.17, Q.Bình Thạnh, TP.HCM",9200000.0,132.37,69502.15305582836,10.811928576273525,106.70123664603773,3.5637003333392636,2.0,2.0,147.40m²
"Đường Calmette, P.Nguyễn Thái Bình, Q.1, TP.HCM",28300000.0,375.63,75340.09530655167,10.778915165980152,106.71391623081428,1.6311366880616853,5.0,19.0,416.99m²
"Nguyễn Thị Tần, P.Rạch Ông, Q.8, TP.HCM",3900000.0,157.89,24700.741022230668,10.743387437213949,106.7460031189563,6.52738924379569,2.0,2.0,49.40m²
"Lò Gốm, P.2, Q.6, TP.HCM",6000000.0,132.23,45375.48211449747,10.732508540394596,106.72802267753652,6.115870073790186,1.0,1.0,59.20m²
"1351/36 Đường Phan Văn Trị, P.10, Q.Gò Vấp, TP.HCM",5100000.0,102.61,49702.758015787935,10.815622138003542,106.67650706233398,4.666880431559999,3.0,2.0,100m²
"41/15 đường số 3, P.9, Q.Gò Vấp, TP.HCM",4950000.0,124.37,39800.59499879392,10.826679659650255,106.68018298323753,5.581575725286497,2.0,2.0,
"105/48 đường số 59, P.14, Q.Gò Vấp, TP.HCM",16800000.0,301.61,55701.07091939922,10.81648137154804,106.68360526053979,4.395580030961089,19.0,20.0,276.70m²
"1/21G Đặng Thúc Vịnh, Xã Đông Thạnh, H.Hóc Môn, TP.HCM",3450000.0,89.37,38603.55824102047,10.889694174925971,106.57949646583273,17.850549591359453,3.0,2.0,106.80m²
"69/14/30 An Phú Đông 11, P.An Phú Đông, Q.12, TP.HCM",2850000.0,42.47,67106.1926065458,10.787248918019722,106.70592493634564,1.1182965616861202,2.0,2.0,
"193/8B1 Văn Thân, P.8, Q.6, TP.HCM",6200000.0,79.67,77821.01167315175,10.752364437638938,106.69562065773394,3.0558806088083674,2.0,2.0,72.30m²
"30/17 Thạnh Lộc 17, P.Thạnh Lộc, Q.12, TP.HCM",2550000.0,93.06,27401.67633784655,10.775106121421615,106.70536940766522,0.8653710433304113,1.0,1.0,
"40 Đoàn Văn Bơ, P.13, Q.4, TP.HCM",1380000.0,45.54,30303.030303030304,10.823110248756048,106.67017117061037,5.738080951066525,2.0,1.0,30.30m²
"50/1/27 đường 59, P.14, Q.Gò Vấp, TP.HCM",6650000.0,158.33,42000.884229141666,10.81477527785043,106.66602818720256,5.291894155941266,4.0,4.0,
"63/2 Liên Khu 16-18, P.Bình Trị Đông, Q.Bình Tân, TP.HCM",7300000.0,63.58,114815.97986788298,10.775034073360342,106.60774817453692,9.99698089712546,,,114.80m²
"159/48/48 Đường Trần Văn Đang, P.11, Q.3, TP.HCM",4650000.0,136.36,34100.90935758287,10.817403219173835,106.68745107232238,4.349420414574454,2.0,1.0,63m²
"275/138/22 Quang Trung, P.10, Q.Gò Vấp, TP.HCM",6000000.0,84.15,71301.247771836,10.828391883291172,106.6785616888967,5.823823395591657,2.0,1.0,77m²
"766/16/34A Cách Mạng Tháng Tám, P.5, Q.Tân Bình, TP.HCM",3000000.0,283.01,10600.332143740505,10.791360844810704,106.66706764661023,3.722517207545832,3.0,3.0,42.40m²
"70/18 Lò Lu, P.Long Phước, TP.Thủ Đức, TP.HCM",7600000.0,52.85,143803.21665089877,10.86080685890124,106.75335855123211,10.752554108807857,8.0,8.0,104.80m²
"79/15 đường số 18, P.8, Q.Gò Vấp, TP.HCM",4500000.0,146.57,30702.05362625367,10.823991793894045,106.66870532392704,5.908225967669003,2.0,2.0,55.30m²
"568/22 Nguyễn Ảnh Thủ, Xã Thới Tam Thôn, H.Hóc Môn, TP.HCM",3700000.0,45.51,81300.81300813009,10.897252909718492,106.5936070731154,17.369902943400135,3.0,2.0,
"523/53/15 Lê Đức Thọ, P.16, Q.Gò Vấp, TP.HCM",2750000.0,151.93,18100.440992562362,10.830322368130949,106.6741819112657,6.215473660052416,2.0,2.0,
"Cư Xá Phú Lâm D, P.10, Q.6, TP.HCM",28000000.0,209.52,133638.79343260787,10.740976973633297,106.71228834991665,4.531064367103182,4.0,4.0,
"366 Bùi Hữu Nghĩa, Gia Định, Gò Vấp, TP.HCM",5050000.0,210.41,24000.760420132123,10.832749832004334,106.67531250041047,6.4069924522231165,4.0,3.0,24m²
"74/6/115 đường số 9, P.16, Q.Gò Vấp, TP.HCM",2800000.0,177.21,15800.462727837028,10.822616427653463,106.67139034257308,5.619723103314811,2.0,2.0,19.20m²
"170/16 Dương Quảng Hàm, P.5, Q.Gò Vấp, TP.HCM",4650000.0,223.98,20760.782212697562,10.81921526713151,106.67119610468323,5.318551381764291,2.0,2.0,41.52m²
"50/32/8 đường số 9, P.16, Q.Gò Vấp, TP.HCM",7500000.0,129.31,58000.154667079114,10.813109699005713,106.67382224375271,4.602856007486509,4.0,3.0,165.10m²
"449/6/20 Lê Quang Định, P.12, Q.Bình Thạnh, TP.HCM",7350000.0,148.48,49501.61637931035,10.809408851624864,106.71817770305621,3.888865812705614,4.0,6.0,
"114/66 Dương Quảng Hàm, P.5, Q.Gò Vấp, TP.HCM",10200000.0,159.37,64002.007906130384,10.839059142324388,106.67571153332275,7.0348723979393375,5.0,5.0,
"Lê Đức Thọ, P.17, Q.Gò Vấp, TP.HCM",35500000.0,215.41,164802.00547792582,10.832896549463559,106.67550804885477,6.413228929436366,25.0,25.0,645.30m²
"Quốc lộ 1A, P.Thạnh Lộc, Q.12, TP.HCM",6650000.0,97.65,68100.35842293907,10.787501821217914,106.71606430915296,2.0494196466828782,3.0,4.0,194.30m²
"70/1 Hẻm 347/69 Lê Văn Thọ, P.9, Q.Gò Vấp, TP.HCM",7100000.0,94.26,75323.57309569276,10.836982571855359,106.67623972451689,6.799925508554039,,,75.32m²
"Một phần nhà 13/16 đường số 2, P.Tam Phú, TP.Thủ Đức, TP.HCM",6000000.0,106.57,56301.02280191424,10.834673170652293,106.7591683773005,8.950760871931397,4.0,4.0,142.44m²
"80/11/21 Đường số 5, P.17, Q.Gò Vấp, TP.HCM",9000000.0,176.47,51000.17000056667,10.82893168510455,106.67736242221228,5.9301614198084325,3.0,3.0,174.30m²
"36/31C Đường số 4, KP6, P.Hiệp Bình Phước, TP.Thủ Đức, TP.HCM",7700000.0,96.25,80000.0,10.842855928086037,106.74037475671102,8.313582277024643,2.0,2.0,106.20m²
"Quang Trung, P.8, Q.Gò Vấp, TP.HCM",4900000.0,116.11,42201.360778572045,10.826418194103338,106.68279951401406,5.455020802637088,2.0,2.0,61.80m²
"Ngô Chí Quốc, P.Bình Chiểu, TP.Thủ Đức, TP.HCM",7300000.0,56.15,130008.90471950134,10.85428547641399,106.74993332722468,9.944765256939833,4.0,4.0,
"297/14/3 Phan Huy Ích, P.14, Q.Gò Vấp, TP.HCM",11500000.0,169.36,67902.69248937175,10.832503813693185,106.67498448508267,6.396779481599114,4.0,6.0,236.40m²
"285/101/4C Cách Mạng Tháng Tám, P.12, Q.10, TP.HCM",12500000.0,265.95,47001.316036849035,10.774652097524266,106.70940703224345,1.269214989307063,9.0,10.0,200.30m²
"đường số 7, P.Long Phước, TP.Thủ Đức, TP.HCM",14500000.0,63.54,228202.70695624803,10.852899568303998,106.74257343386054,9.385227775259343,4.0,4.0,297.90m²
"- 7/3 Đường Trương Hán Siêu, P.Đa Kao, Q.1, TP.HCM",12500000.0,110.65,112968.82060551287,10.769113736228148,106.71085738906515,1.7513314294029507,1.0,1.0,
"Cách Mạng Tháng Tám, P.5, Q.Tân Bình, TP.HCM",9200000.0,152.31,60403.12520517366,10.813994828904308,106.6576055010373,5.9025694991733415,2.0,2.0,86.30m²
"Cư Xá Phú Lâm B, P.13, Q.6, TP.HCM",11200000.0,84.33,132811.5735799834,10.823259238127966,106.72998383436527,5.880926130234624,4.0,2.0,145.72m²
"17/18/5 Đường Số 2, khu phố 22, P.Bình Hưng Hòa, Q.Bình Tân, TP.HCM",6500000.0,109.42,59404.13087186986,10.770674465811668,106.60918130175398,9.878029137338872,4.0,3.0,145m²
"263/49 Liên Khu 4-5, khu phố 5, P.Bình Hưng Hoà B, Q.Bình Tân, TP.HCM",8500000.0,60.24,141102.25763612217,10.773191968663847,106.61878662335248,8.806173523463663,3.0,2.0,180.85m²
"1 Hẻm 2, TP.Thủ Đức, TP.HCM",13500000.0,68.42,197310.72785735165,10.844639386404031,106.75483665624557,9.418582786697224,,,197.30m²
"24 Đường 138, P.Tân Phú, TP.Thủ Đức, TP.HCM",4900000.0,61.25,80000.0,10.785376547629868,106.61624360919657,9.074970598037215,,,80m²
"44/4A Số 16, P.Bình Hưng Hòa, Q.Bình Tân, TP.HCM",9400000.0,65.91,142618.7225003793,10.769390730350056,106.6060530763538,10.23343707521467,,,142.60m²
"8 Nguyễn Xiển, P.Long Bình, TP.Thủ Đức, TP.HCM",4500000.0,48.59,92611.64848734307,10.860406498404753,106.76320650082671,11.348200255263766,,,92.60m²
"Nguyễn Đình Chiểu, P.4, Q.3, TP.HCM",9180000.0,342.53,26800.572212652907,10.774976044820198,106.73521664801277,3.99349232241697,4.0,4.0,91.70m²
"08 Diệp Minh Tuyền, P.Phước Long B, TP.Thủ Đức, TP.HCM",35000000.0,116.66,300017.1438367907,10.853056707946157,106.74276257428555,9.410704083454828,9.0,9.0,598.90m²
"61/2 Nguyễn Xiển, Trường Thạnh, Q.9, TP.HCM",6800000.0,34.0,200000.0,10.796605806348,106.72095838600372,3.035494861973679,1.0,1.0,62.30m²
"70/28 Hà Thị Đát, P.Tân Quý, Q.Tân Phú, TP.HCM",18500000.0,154.16,120005.18941359626,10.801670711992887,106.61951909850998,9.026105576639289,22.0,22.0,481.60m²
"160/35/14 Đường Nguyễn Văn Quỳ, P.Phú Thuận, Q.7, TP.HCM",7500000.0,134.31,55840.96493187402,10.741363822316323,106.66957656428396,5.332720848587545,4.0,2.0,
"107/15A Lò Siêu, P.16, Q.11, TP.HCM",5510000.0,142.6,38639.55119214587,10.775744803858267,106.7071841886489,0.9977162395231403,,,38.70m²
"501/15H Trần Xuân Soạn, P.Tân Hưng, Q.7, TP.HCM",6740000.0,85.69,78655.61909207609,10.730623629461233,106.66082246584428,6.858055764776675,,,78.65m²
"10 Chu Văn An, P.12, Q.Bình Thạnh, TP.HCM",4750000.0,105.75,44917.25768321513,10.819811360232412,106.69413222761696,4.459702039229585,,,45m²
"102 Tô Ký, P.Đông Hưng Thuận, Q.12, TP.HCM",27000000.0,258.62,104400.2784007424,10.77687978498109,106.71360984150208,1.6268474619702662,1.0,1.0,
"49/2/8A Hoài Thanh, P.14, Q.8, TP.HCM",5110000.0,37.59,135940.40968342643,10.826745172476572,106.6722284496262,5.964183013201226,,,136.20m²
"41/1/5 Đội Cung, P.11, Q.11, TP.HCM",4600000.0,140.67,32700.646904101803,10.764131439704357,106.70799930560614,1.9901762740552964,,,32.70m²
"41/1/1 Đội Cung, P.11, Q.11, TP.HCM",4400000.0,144.26,30500.48523499238,10.785361017003131,106.70559484425375,0.9466904955826634,,,30.50m²
"112A Hoàng Diệu, P.13, Q.4, TP.HCM",8600000.0,176.95,48601.29980220401,10.766343822372109,106.66679630951383,3.8258917588076993,,,48.60m²
"506/49/11B Lạc Long Quân, P.14, Q.11, TP.HCM",5380000.0,97.54,55156.85872462579,10.789724908484118,106.7102947470862,1.65141861779321,,,55.20m²
"24C Tam Châu, P.An Phú Đông, Q.12, TP.HCM",9930000.0,20.75,478554.2168674699,10.770879279044728,106.70642618386475,1.2747946576983085,,,478.70m²
"523/48 Tổ 55 Kp5, P.Hiệp Thành, Q.12, TP.HCM",9400000.0,49.36,190437.60129659643,10.766197142010766,106.7015761296815,1.5286142281664818,,,190.40m²
"18A21 Tân Hòa Đông, P.Phú Lâm, Q.6, TP.HCM",6600000.0,79.51,83008.42661300465,10.79957010341915,106.64973943519891,5.817733103925324,,,83m²
"27/40/34 Huỳnh Tịnh Của, P.8, Q.3, TP.HCM",6500000.0,107.79,60302.43992949253,10.771163048374305,106.73727731982673,4.290640691111647,,,60.30m²
"Hoài Thanh, P.14, Q.8, TP.HCM",3000000.0,0.0,inf,10.752849343494669,106.7133032855811,3.3637438987254695,2.0,2.0,
"218/228/6 Tổ 49 KP4, P.Trung Mỹ Tây, Q.12, TP.HCM",6400000.0,50.27,127312.51243286254,10.762652914739041,106.69252800708267,2.023991596907846,,,127.30m²
"165/36A Nguyễn Văn Luông, P.10, Q.6, TP.HCM",12800000.0,197.56,64790.44340959709,10.767547870004028,106.68670554103807,1.9101085947364127,2.0,3.0,136.20m²
"220/30 Thới An 32, P.Thới An, Q.12, TP.HCM",4950000.0,97.63,50701.628597767085,10.7863387936276,106.70458693822201,0.9461239375439967,3.0,2.0,94.40m²
"141/9 Bàn Cờ, P.3, Q.3, TP.HCM",25000000.0,279.64,89400.6579888428,10.766620548736837,106.65689373652943,4.832828707267959,4.0,4.0,264.10m²
"465/6 Hòa Hảo, P.8, Q.10, TP.HCM",5950000.0,280.66,21200.028504240003,10.778067447628835,106.69379555738209,0.6029747263125701,4.0,3.0,78.60m²
"322/7 Vĩnh Viễn, P.4, Q.10, TP.HCM",3990000.0,114.0,35000.0,10.782124570052991,106.71479146576154,1.7433248887007575,2.0,1.0,70m²
"51/26/12 Vườn Lài, P.An Phú Đông, Q.12, TP.HCM",13000000.0,83.65,155409.44411237296,10.784647386598094,106.70772265996023,1.0924759484214148,2.0,3.0,291m²
"127/99/19 Âu cơ, P.14, Q.11, TP.HCM",5950000.0,179.21,33201.272250432456,10.762254393793883,106.6897885142846,2.1866272611071635,4.0,3.0,99.60m²
"49/3 Khánh Hội, P.3, Q.4, TP.HCM",6950000.0,192.52,36100.14543943486,10.751056308534904,106.73824701565499,5.338356317902954,5.0,3.0,116.50m²
"112/9/8 An Bình, P.5, Q.5, TP.HCM",6180000.0,249.19,24800.353144187167,10.754989328521464,106.69546457272587,2.7702772307617094,3.0,3.0,75.80m²
"38 Đường 38, P.Hiệp Bình Chánh, TP.Thủ Đức, TP.HCM",7310000.0,41.16,177599.61127308066,10.847024194751807,106.7628438836195,10.198946146661648,,,177.80m²
"428/6/13-15 An Dương Vương, P.16, Q.8, TP.HCM",13000000.0,180.3,72102.05213533,10.820574599634895,106.65627394137076,6.497558523272862,12.0,12.0,72.10m²
"254/40 Thái Phiên, P.8, Q.11, TP.HCM",11000000.0,167.42,65703.0223390276,10.768793631632093,106.71474720757433,2.105663302925547,10.0,6.0,303.10m²
"59/35b đường 12, Trường Thạnh, Q.9, TP.HCM",1500000.0,29.94,50100.2004008016,10.825395797855542,106.67382348657523,5.749012452488901,2.0,2.0,100m²
"227/5/15 Gò Dầu, P.Tân Quý, Q.Tân Phú, TP.HCM",11000000.0,114.94,95702.10544631982,10.79628887379147,106.6367027249704,7.056426998530639,5.0,4.0,274.44m²
"600/2/3Q Hồng Bàng, P.16, Q.11, TP.HCM",6900000.0,158.98,43401.6857466348,10.7686297114688,106.69984335553819,1.2371390771481354,4.0,4.0,137.50m²
"867/21 Vườn Lài, P.An Phú Đông, Q.12, TP.HCM",4700000.0,79.12,59403.43781597573,10.762935425401203,106.69566311184471,1.8997702618045904,2.0,2.0,101.40m²
"43/29 Tú Mỡ, P.7, Q.Gò Vấp, TP.HCM",8980000.0,162.68,55200.39341037619,10.815415136508433,106.66498107982947,5.421867017940833,3.0,3.0,147.60m²
"188/22 Cao Đạt, P.1, Q.5, TP.HCM",9500000.0,197.91,48001.61689656915,10.797135106559015,106.71887190227268,2.897068893222761,2.0,1.0,
"343/20 Vĩnh Viễn, P.8, Q.10, TP.HCM",7800000.0,323.65,24100.108141510893,10.786075360373589,106.69961795566192,0.6987817364023353,1.0,1.0,64.70m²
"MPN 109/9B Thạnh Xuân 22, P.Thạnh Xuân, Q.12, TP.HCM",4000000.0,78.89,50703.511218151856,10.788756779579739,106.6890961333112,1.4712940227036884,1.0,1.0,
"13/25 Nguyễn Văn Săng, P.Tân Sơn, Q.Tân Phú, TP.HCM",7500000.0,160.25,46801.872074882995,10.781803004262208,106.62689394203092,7.892279681962523,,,46.80m²
"6/23F Chánh Hưng, P.Hưng Phú, Q.8, TP.HCM",3480000.0,124.73,27900.264571474385,10.743116540445579,106.66016912756695,5.8749589013914285,2.0,1.0,
"75/44/17 D9, P.Tây Thạnh, Q.Tân Phú, TP.HCM",2650000.0,126.19,21000.07924558206,10.790637620381544,106.62411182764018,8.280750629140407,2.0,2.0,
"87/117/36/21 Nguyễn Sỹ Sách, P.15, Q.Tân Bình, TP.HCM",17100000.0,94.53,180894.9539828626,10.787442706099016,106.6563585161564,4.7428628170971905,,,180.89m²
"Trần Quang Khải, P.Tân Định, Q.1, TP.HCM",22000000.0,321.63,68401.57945465286,10.76749375525568,106.69235283384882,1.5431883166666878,4.0,3.0,200.80m²
"958/31 Hậu Giang, P.12, Q.6, TP.HCM",5350000.0,108.51,49304.21159340153,10.74737671416761,106.6696999784389,4.8104125660787,2.0,2.0,92m²
"751/2 Ba Đình, P.Hưng Phú, Q.8, TP.HCM",4780000.0,133.51,35802.56160587222,10.816272324602341,106.69973706636515,4.036726766103438,2.0,2.0,73.70m²
"59/160/51/3 đường 102, Tăng Nhơn Phú A, Q.9, TP.HCM",5850000.0,105.21,55603.07955517537,10.789925673453759,106.72681523945492,3.2393819184223,2.0,2.0,91.60m²
"550/25/8 Hồng Bàng, P.16, Q.11, TP.HCM",1460000.0,153.68,9500.260281103592,10.779560503754599,106.70154777384033,0.2766989470408543,2.0,1.0,16.20m²
"62/115 Lý Chính Thắng, P.8, Q.3, TP.HCM",4950000.0,177.1,27950.31055900621,10.782304475640961,106.66988728499093,3.199206366709361,2.0,3.0,19.10m²
"48F/13E Hoàng Sĩ Khải, P.14, Q.8, TP.HCM",2980000.0,79.25,37602.523659305996,10.82184275722358,106.67558441598679,5.311828331666782,2.0,2.0,37.60m²
"363/21/31 Đất Mới, P.Bình Trị Đông A, Q.Bình Tân, TP.HCM",4000000.0,93.67,42703.10665100886,10.763662771624542,106.61114582539498,9.775779014749654,3.0,1.0,85.40m²
"Vườn Lài, P.An Phú Đông, Q.12, TP.HCM",7500000.0,118.85,63104.753891459826,10.77136152293736,106.71494838789395,1.974826809080336,11.0,11.0,222.50m²
"129/9C/19 Mễ Cốc, P.15, Q.8, TP.HCM",4850000.0,133.6,36302.39520958084,10.783049954351164,106.68953364718156,1.0993828455538721,4.0,4.0,113.70m²
"268/2/14 Tô Ngọc Vân, P.Thới An, Q.12, TP.HCM",5950000.0,81.61,72907.73189560103,10.789803568519455,106.70575765889926,1.3303254668623654,4.0,5.0,172.60m²
"88 Chợ Lớn, P.11, Q.6, TP.HCM",18500000.0,231.25,80000.0,10.821343477193283,106.73860196429024,6.313613899099778,3.0,3.0,173.60m²
"266/40/32 Tôn Đản, P.08, Q.4, TP.HCM",5290000.0,93.62,56505.0202948088,10.795970545198331,106.68301794903063,2.5042132412199427,3.0,2.0,
"39/11 Lưu Trọng Lư, P.Tân Thuận Đông, Q.7, TP.HCM",3990000.0,177.33,22500.42294028083,10.79096848650459,106.70072915194226,1.2509532282353748,2.0,2.0,40.30m²
"543/14A Nguyễn Đình Chiểu, P.2, Q.3, TP.HCM",14000000.0,434.78,32200.19320115921,10.82491175454222,106.70836397261516,5.094963878700032,4.0,4.0,139.60m²
"129/4B Hiệp Thành 45, P.Hiệp Thành, Q.12, TP.HCM",2990000.0,91.43,32702.61402165591,10.77048687606254,106.70700368968801,1.3485932013464985,2.0,2.0,50.80m²
"76/3A Nguyên Hồng, P.11, Q.Bình Thạnh, TP.HCM",13000000.0,164.14,79200.68234434021,10.818418384855814,106.7176311437984,4.732933608120808,6.0,4.0,211.70m²
"117H/37 Nguyễn Duy, P.14, Q.8, TP.HCM",3580000.0,152.34,23500.06564264146,10.793878277549277,106.68362606701865,2.2951047565127998,4.0,2.0,53.90m²
"167/23 Thới An 13, P.Thới An, Q.12, TP.HCM",8390000.0,126.92,66104.632839584,10.788453846650015,106.69143994718075,1.2681339035119545,6.0,7.0,281.50m²
"174/8 Nguyễn Thiện Thuật, P.3, Q.3, TP.HCM",9000000.0,379.74,23700.42660767894,10.77995677991707,106.72355933784345,2.683006839021586,2.0,2.0,55.70m²
"MPN 409/108/32/51 Huỳnh Thị Hai, P.Tân Chánh Hiệp, Q.12, TP.HCM",4000000.0,78.43,51000.892515619016,10.760664433480494,106.6925335094821,2.231076140782353,2.0,2.0,102.20m²
"202/6/11 Lý thường Kiệt, P.14, Q.10, TP.HCM",3000000.0,206.89,14500.459181207405,10.761291873794598,106.7000038592669,2.0483638589780933,2.0,3.0,29m²
"84/60 Hòa Hưng, P.13, Q.10, TP.HCM",7500000.0,174.82,42901.26987758838,10.779466662822381,106.70775334414454,0.9549222963794635,2.0,2.0,94.50m²
"231/67/11 Bình Tiên, P.8, Q.6, TP.HCM",4500000.0,109.75,41002.27790432802,10.79259795290848,106.65572503739709,4.943378257835844,3.0,2.0,77m²
"Thống Nhất, P.16, Q.Gò Vấp, TP.HCM",20000000.0,137.93,145001.0875081563,10.822228274173852,106.66742990376812,5.829412008146733,5.0,5.0,256.20m²
"72/2/6 Thới An 10, P.Thới An, Q.12, TP.HCM",2850000.0,96.93,29402.661714639427,10.771734012760222,106.68959264494325,1.3630725449760612,3.0,1.0,47.40m²
"258/7/22/2/3 Bông Sao, P.5, Q.8, TP.HCM",4980000.0,192.27,25901.076611015756,10.77886669824536,106.74085972989613,4.576181850147022,3.0,4.0,
"111K1/10D Bình Đông, P.14, Q.8, TP.HCM",2300000.0,141.97,16200.605761780658,10.80129940673036,106.68303053133988,2.953685090109754,2.0,1.0,32.40m²
"Thạnh Lộc 15, P.Thạnh Lộc, Q.12, TP.HCM",2750000.0,87.02,31601.930590668813,10.764885570697585,106.7154324306559,2.436217780567407,2.0,1.0,
"345/26 Hậu Giang, P.2, Q.6, TP.HCM",3350000.0,125.0,26800.0,10.772888707990552,106.66031099888882,4.302605476712902,2.0,1.0,35.80m²
"1422/24/13A Huỳnh Tấn Phát, P.Phú Mỹ, Q.7, TP.HCM",5000000.0,58.58,85353.36292249915,10.73769882379871,106.65170182749628,6.961746722382849,2.0,1.0,62.53m²
"229/55/6 Tây Thạnh, P.Tây Thạnh, Q.Tân Phú, TP.HCM",4950000.0,118.99,41600.1344650811,10.797441851908095,106.61426110513486,9.474005733031309,2.0,2.0,74.40m²
"185/65 Bà Hom, P.13, Q.6, TP.HCM",4200000.0,108.8,38602.94117647059,10.789347290060784,106.6811942449083,2.218751241278438,1.0,1.0,65.80m²
"243/4 Tô Hiến Thành, P.13, Q.10, TP.HCM",29000000.0,304.62,95200.5777690237,10.760724383303065,106.6974256199494,2.1156245324833343,8.0,4.0,338.90m²
"436A/6 đường 3/2, P.10, Q.10, TP.HCM",42000000.0,392.15,107101.87428279995,10.777041673903645,106.70717108808677,0.940873178497576,4.0,4.0,445.90m²
"122/5/14/2B Tôn Đản, P.8, Q.4, TP.HCM",3150000.0,110.91,28401.406545847985,10.824325949278613,106.7349925010406,6.3041744045906585,1.0,1.0,
"82 Đông Tác, Dĩ An, Dĩ An, TP.HCM",6900000.0,95.83,72002.50443493687,10.7654169563642,106.73277715561571,4.018771361005606,4.0,4.0,220m²
"111/2 Vườn Lài, P.Phú Thọ Hòa, Q.Tân Phú, TP.HCM",19000000.0,120.78,157310.81304851797,10.790227478424042,106.62106342320708,8.604554260677517,17.0,17.0,393.60m²
"157/2 Trần Văn Đang, P.11, Q.3, TP.HCM",18000000.0,150.0,120000.0,10.76647426984856,106.68596908135956,2.0512696899505958,8.0,4.0,221.30m²
"105/12/16B đường TTN08, P.Tân Thới Nhất, Q.12, TP.HCM",4900000.0,57.51,85202.57346548427,10.773322305073778,106.70819486518171,1.2313294417322804,6.0,6.0,127.80m²
"125/31 Tám Danh, P.4, Q.8, TP.HCM",6280000.0,87.83,71501.76477285665,10.74861846444077,106.67996137976336,4.029088993565849,3.0,2.0,61.90m²
"35/12E Trung đông 7, Xã Thới Tam Thôn, H.Hóc Môn, TP.HCM",2700000.0,56.48,47804.53257790369,10.891661673974518,106.58219857159862,17.786049092748662,2.0,1.0,43.90m²
"167/12A Gò Xoài, P.Bình Hưng Hoà A, Q.Bình Tân, TP.HCM",6250000.0,97.96,63801.55165373622,10.761719410284018,106.59927886806894,11.091176225105325,2.0,2.0,107.10m²
"Một phần nhà số 80/19 TX 52, P.Thạnh Xuân, Q.12, TP.HCM",4000000.0,75.04,53304.9040511727,10.76928029798707,106.7039491906133,1.2805609614891014,2.0,1.0,45.60m²
"102/2 HT35, P.Hiệp Thành, Q.12, TP.HCM",4450000.0,104.21,42702.23586987813,10.779044436193912,106.69307825917163,0.6558471289498368,3.0,4.0,
"43/5 đường số 120, Tân Phú, Q.9, TP.HCM",10000000.0,53.96,185322.46108228317,10.78894534084083,106.61733154498548,8.992103068525994,2.0,1.0,91m²
"29/1C Lê Lợi, P.1, Q.Gò Vấp, TP.HCM",13000000.0,111.3,116801.43755615455,10.818585688178665,106.68209083753113,4.67450884097665,6.0,4.0,
"47/3 Nguyễn Du, P.7, Q.Gò Vấp, TP.HCM",2980000.0,130.7,22800.306044376437,10.833480066811148,106.6805435139313,6.273956209048011,2.0,1.0,45.50m²
"88/48A Vũ Tùng, P.2, Q.Bình Thạnh, TP.HCM",1900000.0,190.0,10000.0,10.820202308074473,106.71058676675305,4.6459613711148995,2.0,1.0,20m²
"45/34 TL 04, P.An Phú Đông, Q.12, TP.HCM",3830000.0,59.47,64402.2196065243,10.764009673077794,106.694602747836,1.8108355896050183,2.0,1.0,62.90m²
"417/95/87 Quang Trung, P.10, Q.Gò Vấp, TP.HCM",4950000.0,155.17,31900.496229941356,10.829454970326182,106.67369171516087,6.153278411404878,2.0,2.0,59.80m²
"45/13 Phạm Hùng, P.Hưng Phú, Q.8, TP.HCM",7200000.0,174.75,41201.71673819742,10.802633595942277,106.73364432016737,4.551877581985854,3.0,3.0,109.20m²
"40/30/5/10 Thạnh Lộc 44, P.Thạnh Lộc, Q.12, TP.HCM",6000000.0,100.84,59500.19833399444,10.787456459228407,106.68949913952176,1.3439170657849013,6.0,5.0,254.10m²
"312/46A Âu Dương Lân, P.Rạch Ông, Q.8, TP.HCM",3980000.0,170.81,23300.743516187576,10.826356381256343,106.67633308026905,5.718121494390819,1.0,1.0,23.30m²
"185H4 Mai Xuân Thưởng, P.2, Q.6, TP.HCM",9500000.0,138.68,68503.02855494664,10.761655287996229,106.67765718745015,3.079734949446419,3.0,1.0,91.30m²
"265/50/2/7 Trường Chinh, P.Tân Thới Nhất, Q.12, TP.HCM",9200000.0,144.2,63800.277392510405,10.773292600180126,106.69544270478309,0.8182236154661975,4.0,5.0,249m²
"68/32/23 Thới An 20, P.Thới An, Q.12, TP.HCM",3890000.0,97.0,40103.092783505155,10.772073418687874,106.71058549470104,1.524924948635558,2.0,2.0,80.20m²
"1122/8/6 Quang Trung, P.8, Q.Gò Vấp, TP.HCM",9000000.0,176.47,51000.17000056667,10.822641928915347,106.66231935378961,6.211978702695696,4.0,5.0,180.80m²
"52/6 Hoàng Diệu 2, P.Linh Chiểu, TP.Thủ Đức, TP.HCM",4430000.0,51.97,85241.48547238791,10.837815165125571,106.76492486880909,9.650559356001526,,,85.39m²
"6/4 đường số 44, P.14, Q.Gò Vấp, TP.HCM",7000000.0,112.35,62305.29595015576,10.832680276183629,106.68753273912343,5.984446040295095,3.0,4.0,128.30m²
"79/1 Tây Sơn, P.Tân Quý, Q.Tân Phú, TP.HCM",2250000.0,142.4,15800.561797752809,10.802948932947386,106.62490254940329,8.501914768173629,1.0,1.0,34.10m²
"453/67/31 Lê Văn Khương, P.Tân Thới Hiệp, Q.12, TP.HCM",5990000.0,61.12,98003.92670157069,10.772242515217084,106.71644030271419,2.0791052588546166,4.0,3.0,
"20/5 đường 176, Phước Long A, Q.9, TP.HCM",4150000.000000001,118.23,35101.07417745074,10.821330215507855,106.68568112948545,4.821687435033013,2.0,2.0,59.10m²
"54/37 Đình Nghi Xuân, P.Bình Trị Đông, Q.Bình Tân, TP.HCM",6900000.0,92.75,74393.53099730458,10.752526121806175,106.61337403885999,9.841481975138322,2.0,3.0,135.30m²
"282/5A Cống Quỳnh, P.Phạm Ngũ Lão, Q.1, TP.HCM",2200000.0,122.22,18000.327278677792,10.768155273304407,106.69652918787479,1.3151102889571427,2.0,2.0,36m²
"88/1 Vũ Tùng, P.2, Q.Bình Thạnh, TP.HCM",4950000.0,255.15,19400.352733686068,10.805619851926835,106.70211059798228,2.8774928314655766,4.0,3.0,19.40m²
"44/16 đường số 4, P.Bình Hưng Hoà A, Q.Bình Tân, TP.HCM",4980000.0,128.68,38700.652782095116,10.764925394679844,106.59958167637106,10.999994923145263,2.0,3.0,77.40m²
"383/3/40A Quang Trung, P.10, Q.Gò Vấp, TP.HCM",6500000.0,103.17,63002.810894639915,10.81529531492063,106.68418220206622,4.250227055572919,2.0,2.0,110.40m²
"86B4 Võ Thị Sáu, P.Tân Định, Q.1, TP.HCM",28000000.0,248.22,112803.15848843768,10.78656606602896,106.71130214141537,1.5377260495963245,5.0,6.0,325.80m²
"4/9 Văn Chung, P.13, Q.Tân Bình, TP.HCM",37500000.0,2.8,13392857.142857144,10.811367308883696,106.6652339312896,5.085555764313141,3.0,2.0,175.80m²
"38/6/10 Đình Quới An, P.Thới An, Q.12, TP.HCM",6500000.0,108.51,59902.31315086167,10.78296889830088,106.69763327616853,0.38379557226289157,4.0,5.0,204.09m²
"1396/10 Quang Trung, P.14, Q.Gò Vấp, TP.HCM",9950000.0,155.46,64003.60221278785,10.84066575970449,106.67240874364816,7.336463181564723,2.0,2.0,116.80m²
"23/15 đường số 1, P.Bình Thuận, Q.7, TP.HCM",42000000.0,139.44,301204.8192771084,10.775008379679589,106.71010189132828,1.3213686266658091,8.0,8.0,241.30m²
"125/17/18 Vạn Kiếp, P.1, Q.Bình Thạnh, TP.HCM",4990000.0,185.5,26900.269541778976,10.798132252057007,106.69617808849807,2.053242273494213,2.0,3.0,53.80m²
"Lạc Long Quân, P.3, Q.11, TP.HCM",3980000.0,228.73,17400.428452760898,10.760603722043747,106.70847769182537,2.360039221410496,2.0,2.0,
"18/14/16 Thạnh Lộc 38, P.Thạnh Lộc, Q.12, TP.HCM",3250000.0,69.74,46601.66332090623,10.773070735960419,106.69494541878666,0.8665745497615905,2.0,2.0,
"157A1/3 Dương Bá Trạc, P.Rạch Ông, Q.8, TP.HCM",4500000.0,116.58,38600.10293360782,10.806271753183974,106.69995406577354,2.931535116694019,2.0,1.0,70.50m²
"861/3 Trần Xuân Soạn, P.Tân Hưng, Q.7, TP.HCM",12000000.0,129.65,92556.88391824141,10.73749380812834,106.71907434846638,5.166300867915207,1.0,1.0,140.84m²
"Hồng Bàng, P.16, Q.11, TP.HCM",4230000.0,119.49,35400.45192066282,10.769909299513486,106.71219534094799,1.8075419257306786,1.0,1.0,70.80m²
"MPN 77 Thạnh Lộc 49, P.An Phú Đông, Q.12, TP.HCM",4650000.0,85.47,54405.054405054405,10.768451458145694,106.71082416652257,1.7989120639004008,2.0,2.0,
"Nguyễn Văn Quỳ, P.Phú Thuận, Q.7, TP.HCM",4380000.0,133.53,32801.61761401932,10.822545456464562,106.70124769744258,4.736099427993587,2.0,2.0,
"51/50 Phạm Thế Hiển, P.Rạch Ông, Q.8, TP.HCM",5580000.0,97.55,57201.435161455665,10.790441390991687,106.6565917059686,4.788433719564049,3.0,2.0,103.40m²
"55 đường số 17, P.4, Q.8, TP.HCM",4700000.0,148.5,31649.83164983165,10.729916603721247,106.69494379767089,5.534149508897936,2.0,1.0,
"253/58 Trần Xuân Soạn, P.Tân Kiểng, Q.7, TP.HCM",4950000.0,71.32,69405.49635445878,10.822219725590957,106.74795813969322,7.117968973430537,5.0,5.0,90.54m²
"1/3 Mạc Hiển Tích, Long Bình, Q.9, TP.HCM",3000000.0,37.26,80515.29790660225,10.788344982788884,106.66977321768331,3.3366515217562926,3.0,3.0,68.40m²
"36/4/37 Đường Huỳnh Văn Nghệ, P.15, Q.Tân Bình, TP.HCM",7300000.0,80.57,90604.443341194,10.797087037761237,106.64264805782345,6.456163531646785,,,90.60m²
"Thành Thái, P.14, Q.10, TP.HCM",15900000.0,221.14,71900.15374875645,10.772612022562855,106.71103555423076,1.5343290638028297,2.0,2.0,103.60m²
"44/6 Hiệp Thành 43, P.Hiệp Thành, Q.12, TP.HCM",11000000.0,58.1,189328.743545611,10.774181936308896,106.71501052982029,1.8546137062844108,2.0,2.0,221.50m²
"704/13/1B Hương Lộ 2, P.Bình Hưng Hoà A, Q.Bình Tân, TP.HCM",6950000.0,119.0,58403.361344537814,10.77175117469055,106.59088231502678,11.861156481139098,4.0,4.0,179.50m²
"591/10 Bình Thới, P.10, Q.11, TP.HCM",5680000.0,227.2,25000.0,10.764479917230396,106.69698544221552,1.707617991957172,4.0,3.0,70.50m²
"129/14D Nguyễn Trãi, P.2, Q.5, TP.HCM",5690000.0,204.67,27800.850149020374,10.828627266479224,106.70077117849732,5.405966647812331,3.0,4.0,
"38 Lô 17 Hưng Phú, P.Hưng Phú, Q.8, TP.HCM",7680000.0,125.49,61200.09562514941,10.820298797628157,106.73421145912603,5.906545701040227,9.0,4.0,157.70m²
"109/F1/17 Bến Vân Đồn, P.4, Q.4, TP.HCM",35000000.0,309.46,113100.23912621988,10.737978409866141,106.74900016814567,7.159524707234368,1.0,1.0,187.50m²
"MPN 22 Thạnh Lộc 57, P.Thạnh Lộc, Q.12, TP.HCM",3700000.0,57.27,64606.25109132181,10.772410256673373,106.71607461323397,2.0350256976023267,1.0,1.0,32m²
"14B/15 Hưng Phú, P.Hưng Phú, Q.8, TP.HCM",3280000.0,131.2,25000.000000000004,10.779716784024346,106.68755726329063,1.2545529436808684,2.0,1.0,31m²
"1247/104E Huỳnh Tấn Phát, P.Phú Thuận, Q.7, TP.HCM",3950000.0,0.1,39500000.0,10.753278434760519,106.74402419200092,5.728540292556907,3.0,3.0,
"Nguyễn Hiền, P.4, Q.3, TP.HCM",11500000.0,226.37,50801.784688783846,10.742113873633125,106.6539962594577,6.45151784072726,6.0,4.0,148.90m²
"198/20 Võ Văn Tần, P.5, Q.3, TP.HCM",4950000.0,221.97,22300.310852817947,10.780889256275607,106.7478071312696,5.336258367584492,2.0,3.0,44.60m²
"656/74/137 Quang Trung, P.11, Q.Gò Vấp, TP.HCM",5980000.0,125.36,47702.616464582,10.84206991258505,106.6799831114802,7.1974562240421065,4.0,2.0,77.40m²
"127/54 Cô Giang, P.2, Q.Phú Nhuận, TP.HCM",4000000.0,408.16,9800.078400627204,10.80349458257735,106.66573403641985,4.487309827738243,2.0,3.0,19.30m²
"57/18A Trần Thị Hè, P.Hiệp Thành, Q.12, TP.HCM",2090000.0,92.47,22601.92494863199,10.78347732643551,106.69550846784868,0.5612229935121963,2.0,2.0,28.70m²
"Tân Hòa Đông, P.14, Q.6, TP.HCM",5980000.0,228.24,26200.49071153172,10.81871671520713,106.7070316871959,4.394417538286808,5.0,4.0,116.90m²
"956/6/10 Âu Cơ, P.14, Q.Tân Bình, TP.HCM",7350000.0,100.54,73105.23174855778,10.798297664782691,106.63778904951371,7.00342865641357,2.0,2.0,139.90m²
"Nguyễn Kiệm, P.9, Q.Phú Nhuận, TP.HCM",32000000.0,310.98,102900.50807125859,10.809527795980195,106.67089786340105,4.504206624549039,8.0,8.0,
"920/24 Nguyễn Kiệm, P.3, Q.Gò Vấp, TP.HCM",11000000.0,132.05,83301.77962892843,10.840507408717093,106.66682637030794,7.583859769529847,3.0,3.0,173.10m²
"80/13 Nguyễn Văn Trỗi, P.8, Q.Phú Nhuận, TP.HCM",4050000.0,208.76,19400.268250622725,10.794901736029344,106.66516957031477,4.062961834834528,4.0,3.0,38.80m²
"378/29/22 An Dương Vương, P.4, Q.5, TP.HCM",5680000.0,230.89,24600.459093074627,10.788127116072632,106.68474536045737,1.8142309222249988,4.0,3.0,
"309/4 Nguyễn Oanh, P.17, Q.Gò Vấp, TP.HCM",4150000.000000001,166.0,25000.000000000007,10.839717493306468,106.68833935109078,6.731592667422715,2.0,2.0,
"195/22/11 Quộc Lộ 1A, P.An Phú Đông, Q.12, TP.HCM",4400000.0,47.93,91800.54245775088,10.775217578709322,106.70541211491174,0.8618342955894868,1.0,1.0,87.60m²
"35/6 Cách Mạng, P.Phú Thọ Hòa, Q.Tân Phú, TP.HCM",3450000.0,1.15,3000000.0,10.778488932828589,106.63356332990966,7.161182377443359,1.0,1.0,
"21/30 Vạn Kiếp, P.1, Q.Bình Thạnh, TP.HCM",5800000.0,287.12,20200.61298411814,10.809430525042192,106.7001602304793,3.2815244057972968,2.0,3.0,
"41/10B Lương Văn Can, P.15, Q.8, TP.HCM",3880000.0,118.29,32800.74393439851,10.788217843461764,106.73357559645241,3.8917827712985624,3.0,2.0,29.30m²
"Cộng Hoà, P.4, Q.Tân Bình, TP.HCM",16000000.0,208.98,76562.35046415926,10.788242372937225,106.6413438240617,6.377691345977306,3.0,3.0,265.42m²
"150/43A Nguyễn Trãi, P.Bến Thành, Q.1, TP.HCM",45000000.0,750.0,60000.0,10.780084314033335,106.70909939484328,1.1019839809713252,3.0,4.0,215.80m²
"881C Ba Đình, P.Hưng Phú, Q.8, TP.HCM",10880000.0,87.6,124200.91324200913,10.781627268392185,106.74200467123053,4.704668292047355,5.0,3.0,234.60m²
"306/73A Vườn Lài, P.An Phú Đông, Q.12, TP.HCM",11600000.0,107.3,108108.1081081081,10.768691747124555,106.71623041829254,2.246205465740685,4.0,2.0,222m²
"Hoàng Hoa Thám, P.7, Q.Bình Thạnh, TP.HCM",22500000.0,144.5,155709.34256055363,10.812454420033252,106.71033206270323,3.8192788614864734,3.0,5.0,343.50m²
"31/25/1 Lê Lai, P.3, Q.Gò Vấp, TP.HCM",3650000.0,136.7,26700.80468178493,10.841666413284853,106.66989467606676,7.550027030788716,2.0,2.0,31.50m²
"282A/41 Nguyễn Tri Phương, P.4, Q.10, TP.HCM",4650000.0,255.49,18200.320951896356,10.768415858240274,106.69486561786286,1.337437866990882,2.0,3.0,
"744/15 Nguyễn Kiệm, P.4, Q.Phú Nhuận, TP.HCM",6250000.0,224.82,27800.01779201139,10.79441908466455,106.67226724600225,3.3445198529514486,3.0,4.0,91.10m²
"59/27 Hồng Lạc, P.10, Q.Tân Bình, TP.HCM",16000000.0,132.66,120609.07583295643,10.80514390956322,106.66203593847949,4.92289177153425,4.0,4.0,
"141/37/5 Thạnh Lộc 19, P.Thạnh Lộc, Q.12, TP.HCM",3100000.0,128.09,24201.733156374423,10.785186368796344,106.70325701664244,0.7555666343596631,2.0,2.0,48.40m²
"959/22 Nguyễn Kiệm, P.3, Q.Gò Vấp, TP.HCM",4099999.999999999,120.58,34002.32210980261,10.828209953938863,106.67425696348741,6.002486318631741,2.0,1.0,61m²
"385/34/2 Quang Trung, P.10, Q.Gò Vấp, TP.HCM",6500000.0,102.84,63204.9786075457,10.837135289576041,106.67651752641017,6.804596139992195,3.0,2.0,
"364/26/11 Tô Ký, P.Tân Chánh Hiệp, Q.12, TP.HCM",3150000.0,100.0,31500.0,10.788003469869953,106.71680124147431,2.1458681355560865,2.0,2.0,63m²
"490/2A Lê Văn Sỹ, P.14, Q.3, TP.HCM",12000000.0,196.72,61000.40666937779,10.826201356711003,106.6836505842578,5.40265584566416,4.0,5.0,171.70m²
"142D/27 Cô Giang, P.2, Q.Phú Nhuận, TP.HCM",9800000.0,162.52,60300.27073590942,10.795063001270272,106.67651991560949,2.985866108180229,2.0,2.0,88.40m²
"42/27 Nguyễn Thượng Hiền, P.5, Q.3, TP.HCM",6000000.0,193.54,31001.34339154697,10.821869243520318,106.72878844459213,5.67998430976883,2.0,1.0,65.80m²
"Hà Huy Giáp, P.Thới An, Q.12, TP.HCM",4750000.0,84.67,56100.15353726231,10.774203277779486,106.690317605003,1.1352232743068622,2.0,2.0,102.20m²
"888/6 Quang Trung, P.10, Q.Gò Vấp, TP.HCM",5250000.0,165.61,31700.984240082118,10.825660530809385,106.68312548160844,5.364179401397663,3.0,2.0,52.40m²
"302/26 Thạnh Xuân 31, P.Thạnh Xuân, Q.12, TP.HCM",3750000.0,68.55,54704.595185995626,10.762778130662898,106.71130543023423,2.3112641227136423,3.0,1.0,83.40m²
"518/2/20 Lê Văn Sỹ, P.11, Q.Phú Nhuận, TP.HCM",6000000.0,160.42,37401.82022191747,10.796396381967735,106.69231834879814,1.978545122324672,2.0,2.0,96.20m²
"480/19 Lạc Long Quân, P.5, Q.11, TP.HCM",8000000.0,183.48,43601.48245040332,10.768728582841417,106.69983852763056,1.2261930275447994,4.0,3.0,
"275/27 Quang Trung, P.10, Q.Gò Vấp, TP.HCM",2850000.0,158.24,18010.61678463094,10.84203838171563,106.68250532972625,7.119165040734077,2.0,3.0,
"1/50/16 Thanh Đa, P.27, Q.Bình Thạnh, TP.HCM",5860000.0,180.3,32501.386577925678,10.804950523027658,106.69635035168824,2.799000201552691,3.0,2.0,65m²
"TK6/18 Võ Văn Kiệt, P.Cầu Kho, Q.1, TP.HCM",6900000.0,252.74,27300.783413784917,10.76957836422343,106.70547886492062,1.3313092990139932,3.0,1.0,66.50m²
"327/17/8 Quang Trung, P.10, Q.Gò Vấp, TP.HCM",2950000.0,162.98,18100.38041477482,10.821492887727146,106.66365669693076,6.020547561826655,2.0,1.0,36.20m²
"88/23 Hiệp Thành 26, P.Hiệp Thành, Q.12, TP.HCM",4480000.0,97.6,45901.6393442623,10.763920798133146,106.69211545028318,1.910723342838699,2.0,2.0,82.60m²
"1264/57/58 Lê Đức Thọ, P.15, Q.Gò Vấp, TP.HCM",9000000.0,77.58,116009.28074245939,10.834556235104793,106.68954634530512,6.146519743083848,4.0,2.0,157.60m²
"2A/14 Hưng Phú, P.Hưng Phú, Q.8, TP.HCM",4480000.0,127.27,35200.754301877896,10.824046256713748,106.67971131555896,5.3321854317184245,3.0,2.0,57.20m²
"46/7 Thị Trần, TT.Hóc Môn, H.Hóc Môn, TP.HCM",6900000.0,95.17,72501.83881475254,10.878000689481398,106.60887658766423,14.669951904066426,5.0,6.0,192m²
"123/13/4A Thạnh Xuân 22, P.Thạnh Xuân, Q.12, TP.HCM",4320000.0,70.47,61302.681992337166,10.770466801328547,106.70892999187977,1.4950622222725516,1.0,1.0,74.80m²
"220/48 Âu Cơ, P.9, Q.Tân Bình, TP.HCM",15900000.0,198.75,80000.0,10.794917813135843,106.66085232867557,4.498139699714948,4.0,4.0,322.10m²
"102/4A Thạnh Lộc 17, P.Thạnh Lộc, Q.12, TP.HCM",5850000.0,97.5,60000.0,10.777863937674464,106.69554040895896,0.43662809103560885,3.0,4.0,134.20m²
"đường số 59, P.14, Q.Gò Vấp, TP.HCM",12000000.0,188.08,63802.63717566992,10.827969514146432,106.69033766169485,5.41391550114472,9.0,10.0,214.20m²
"MPN 161/19 Thạnh Lộc 15, P.An Phú Đông, Q.12, TP.HCM",5630000.0,102.36,55001.95388823759,10.78955322818933,106.70785574747825,1.4489909360013946,4.0,5.0,
"37/26 Nguyễn Ngọc Lộc, P.14, Q.10, TP.HCM",4300000.0,164.12,26200.34121374604,10.763518786963342,106.70748304830077,2.02298222729087,2.0,1.0,47.20m²
"1306/27 Quang Trung, P.14, Q.Gò Vấp, TP.HCM",4690000.0,128.49,36500.89501128492,10.81676231168043,106.68602218847862,4.330427976605972,2.0,2.0,
"854/47/17M Thống Nhất, P.15, Q.Gò Vấp, TP.HCM",3450000.0,285.12,12100.16835016835,10.812729234748378,106.66426145391875,5.266448290346662,2.0,2.0,24.20m²
"49/22/13A Nguyễn Văn Đậu, P.5, Q.Bình Thạnh, TP.HCM",9000000.0,170.45,52801.40803754767,10.822051236437582,106.71212684338175,4.889743948708083,7.0,7.0,194m²
"272/15 Gò Xoài, P.Bình Hưng Hoà A, Q.Bình Tân, TP.HCM",6100000.0,95.91,63601.29287874049,10.7523359967531,106.60269410696175,10.965055834221966,3.0,2.0,126.40m²
"506/49/20E Lạc Long Quân, P.5, Q.11, TP.HCM",2890000.0,186.45,15500.134084204881,10.762161429398628,106.68756573838029,2.3177061445722993,2.0,2.0,31m²
"385/33/37 Quang Trung, P.10, Q.Gò Vấp, TP.HCM",4750000.0,76.41,62164.63813636959,10.817684211641742,106.68572007144874,4.437596864512056,3.0,3.0,70.11m²
"15/40/92 đường Số 59, P.14, Q.Gò Vấp, TP.HCM",4970000.0,112.44,44201.35183208823,10.832280719545873,106.68137326076298,6.1192843443334874,3.0,2.0,85.20m²
"106/37 Bình Lợi, P.13, Q.Bình Thạnh, TP.HCM",15000000.0,195.0,76923.07692307692,10.802175430400426,106.7150942423469,3.036644691259958,3.0,3.0,
"63/105 Lê Trọng Lư, P.Tân Thuận Đông, Q.7, TP.HCM",8000000.0,133.33,60001.50003750093,10.778185416202984,106.66355075596725,3.884113167146655,2.0,2.0,118.60m²
"118/22 Lê Trọng Tấn, P.Tây Thạnh, Q.Tân Phú, TP.HCM",6900000.0,94.65,72900.15847860539,10.7826850978714,106.6151684963697,9.17710021955098,,,72.90m²
"673/1A Hà Huy Giáp, P.Thạnh Xuân, Q.12, TP.HCM",5200000.0,89.5,58100.55865921788,10.769994911674093,106.71628296424342,2.1758001302900594,2.0,1.0,106m²
"197/27/8/5A Thạnh Lộc 15, P.Thạnh Lộc, Q.12, TP.HCM",3200000.0,60.95,52502.05086136177,10.782388510021743,106.7040992032411,0.6249336232236193,2.0,1.0,43.30m²
"572/19/7/7 Âu Cơ, P.10, Q.Tân Bình, TP.HCM",2950000.0,136.57,21600.644358204583,10.794384528649104,106.64282789278026,6.354948910960379,2.0,3.0,
"4/12 Thạnh Lộc 29, P.Thạnh Lộc, Q.12, TP.HCM",6300000.0,92.64,68005.18134715025,10.76460425747284,106.69860305279919,1.6798316825195319,4.0,3.0,194.80m²
"1162/2 Quang Trung, P.8, Q.Gò Vấp, TP.HCM",8400000.0,144.82,58003.03825438476,10.839385345020512,106.67709812815947,7.015239710280583,4.0,5.0,159m²
"Thạnh Xuân 22, P.Thạnh Xuân, Q.12, TP.HCM",6200000.0,85.51,72506.13963279148,10.779081633074323,106.68854171564433,1.1494999251465003,5.0,4.0,227.40m²
"MPN 87 Thạnh Xuân 33, P.Thạnh Xuân, Q.12, TP.HCM",7600000.0,94.88,80101.18043844857,10.768723134183674,106.70996821087677,1.711387827457553,5.0,5.0,269.44m²
"440/12/10 Nguyễn Kiệm, P.13, Q.Phú Nhuận, TP.HCM",5900000.0,160.32,36801.39720558882,10.78856412539271,106.66395615381616,3.9566947260482284,5.0,3.0,51.90m²
"337/1 Lưu Hữu Phước, P.15, Q.8, TP.HCM",4300000.0,97.72,44003.27466230045,10.759520441336477,106.73036458359518,4.095244241029581,3.0,2.0,
"535/27/18 Thống Nhất, P.15, Q.Gò Vấp, TP.HCM",3880000.0,219.2,17700.7299270073,10.83886641276408,106.68550175016921,6.7005037549363715,2.0,3.0,53.10m²
"204/20 Nguyễn Oanh, P.17, Q.Gò Vấp, TP.HCM",25500000.0,242.62,105102.62962657654,10.819550487612181,106.67282906315977,5.2494372225878365,20.0,20.0,441.20m²
"C2/3A/12 Ấp 3A, Xã Vĩnh Lộc B, H.Bình Chánh, TP.HCM",4200000.0,63.63,66006.600660066,10.686963595860822,106.59699710459364,15.164935645039602,2.0,2.0,119.30m²
"198b/9 Dương Bá Trạc, P.Rạch Ông, Q.8, TP.HCM",5600000.0,142.13,39400.5487933582,10.787604316946373,106.73074469396086,3.574949109840835,3.0,3.0,50.20m²
"90/29 Lê Hồng Phong, P.2, Q.5, TP.HCM",7300000.0,266.42,27400.345319420463,10.735428617185457,106.70200366452539,4.917174352935164,3.0,3.0,54.80m²
"đường số 5, Bình Trưng Tây, Q.2, TP.HCM",18500000.0,265.04,69800.78478720192,10.765750301542198,106.69889327015986,1.552491142911559,4.0,4.0,244.20m²
"417/106 Quang Trung, P.10, Q.Gò Vấp, TP.HCM",3480000.0,132.82,26200.873362445414,10.82448386903104,106.67545498597987,5.575999211596178,3.0,2.0,
"106C/121-123 Lạc Long Quân, P.3, Q.11, TP.HCM",25000000.0,311.72,80200.17964840241,10.770169091545467,106.71410126696249,1.9619079666189159,21.0,21.0,386.70m²
"269/11/8 Nguyễn Trãi, P.Nguyễn Cư Trinh, Q.1, TP.HCM",16500000.0,293.07,56300.54253250077,10.77535719668,106.70345612029462,0.6887829224175634,9.0,9.0,199.86m²
"145/60A Ấp 3, Xã Đông Thạnh, H.Hóc Môn, TP.HCM",6200000.0,45.82,135312.090790048,10.889967054373482,106.59469280345485,16.694302908294553,1.0,1.0,90.30m²
"142/6 Cô Giang, P.2, Q.Phú Nhuận, TP.HCM",6350000.0,156.4,40601.023017902815,10.81175532224694,106.67178655019767,4.623984634168045,3.0,2.0,77.60m²
"MPN 514/3/33 Lê Đức Thọ, P.17, Q.Gò Vấp, TP.HCM",4950000.0,70.41,70302.51384746486,10.831432108926368,106.66748060145513,6.6737611841488285,2.0,1.0,
"79/51/3A Thống Nhất, P.11, Q.Gò Vấp, TP.HCM",5350000.0,144.2,37101.24826629681,10.842073928761884,106.69105112940925,6.944988945327756,3.0,2.0,98m²
"252/6S Phạm Văn Chiêu, P.9, Q.Gò Vấp, TP.HCM",5950000.0,166.66,35701.428057122284,10.837230239873476,106.68739042049742,6.48040376070674,3.0,3.0,84.70m²
"87/19 Thạnh Xuân 33, P.Thạnh Xuân, Q.12, TP.HCM",7600000.0,102.42,74204.25698105838,10.77719564965929,106.71285194742714,1.5387925617887774,5.0,5.0,259.40m²
"86/2/26 Ông Ích Khiêm, P.1, Q.11, TP.HCM",4700000.0,140.71,33402.032549214695,10.784203644328345,106.70059055394383,0.517774604544762,2.0,2.0,66.80m²
"51/12G Nguyễn Trãi, P.2, Q.5, TP.HCM",6680000.0,351.57,19000.483545239924,10.826224699924811,106.72752013290756,6.007990332373338,3.0,3.0,
"1041/62/10/9 Trần Xuân Soạn, P.Tân Hưng, Q.7, TP.HCM",5690000.0,121.32,46900.758325090675,10.802446298428507,106.70977741689566,2.7686218420593818,3.0,2.0,70.80m²
"861/18/25B Trần Xuân Soạn, P.Tân Hưng, Q.7, TP.HCM",6700000.0,114.72,58403.06834030683,10.778346467956522,106.70073060390379,0.24493618354055674,3.0,3.0,105.40m²
"207/64A Nguyễn Văn Đậu, P.11, Q.Bình Thạnh, TP.HCM",28000000.0,202.02,138600.1386001386,10.822938352959246,106.70929147256966,4.903522342401176,21.0,21.0,571.20m²
"417/49/28A Quang Trung, P.10, Q.Gò Vấp, TP.HCM",4380000.0,144.55,30300.93393289519,10.837979724835062,106.68590242944755,6.595204982559012,1.0,1.0,30.30m²
"Nguyễn Xí, P.26, Q.Bình Thạnh, TP.HCM",10500000.0,0.0,inf,10.821304213864188,106.70583956903742,4.652596758171212,4.0,4.0,
"Huỳnh Tấn Phát, P.Tân Phú, Q.7, TP.HCM",7880000.0,194.59,40495.400585847165,10.787059653068901,106.61609752397288,9.105446252506116,3.0,3.0,
"362/12/37 Thống Nhất, P.16, Q.Gò Vấp, TP.HCM",7290000.0,138.33,52700.06506180872,10.82180123662666,106.67143226049153,5.54142056570048,5.0,5.0,178.80m²
"576/34 Quang Trung, P.11, Q.Gò Vấp, TP.HCM",6550000.0,118.87,55102.21250105157,10.824947029368316,106.6909600890084,5.072838233418107,3.0,3.0,89.70m²
"1005/61/38 Nguyễn Kiệm, P.3, Q.Gò Vấp, TP.HCM",3200000.0,164.1,19500.304692260816,10.824911403244956,106.66267487023215,6.3813016758956875,2.0,2.0,38.70m²
"147/95 Thạnh Lộc 37, P.Thạnh Lộc, Q.12, TP.HCM",5500000.0,146.27,37601.69549463321,10.760818253216717,106.69719367295338,2.1075405817574637,3.0,3.0,131.60m²
"212/158/238 Nguyễn Văn Nguyễn, P.Tân Định, Q.1, TP.HCM",3450000.0,273.8,12600.438276113951,10.77441957060966,106.71186762871393,1.5245195067231752,1.0,2.0,
"43/31 Tú Mỡ, P.7, Q.Gò Vấp, TP.HCM",8780000.0,156.5,56102.23642172524,10.83954213111978,106.67070645482157,7.2995658048901975,3.0,4.0,141.10m²
"91/11 Thạnh Xuân 43, P.Thạnh Xuân, Q.12, TP.HCM",4580000.0,113.08,40502.29925716307,10.78873820531964,106.69287861924452,1.1971135990844328,3.0,3.0,118.40m²
"160/34/26 Phan Huy Ích, P.12, Q.Gò Vấp, TP.HCM",5980000.0,191.05,31300.70662130332,10.816669244155351,106.67112807967895,5.094615427042996,4.0,3.0,112.70m²
"70/33 Thạnh Xuân 38, P.Thạnh Xuân, Q.12, TP.HCM",4880000.0,63.62,76705.4385413392,10.776058835993945,106.69972335072649,0.4191199638260039,2.0,3.0,96.60m²
"72/36/7 Nguyễn Ảnh Thủ, P.Hiệp Thành, Q.12, TP.HCM",3550000.0,100.85,35200.79325731284,10.769524399074303,106.71526773715712,2.107791433576134,2.0,2.0,70.10m²
"330/32 Chiến Lược, P.Bình Trị Đông A, Q.Bình Tân, TP.HCM",4250000.0,118.71,35801.53314800775,10.76540499359922,106.595985264006,11.381528314320505,2.0,2.0,67.80m²
"33/20/6 Phan Văn Hớn, P.Tân Thới Nhất, Q.12, TP.HCM",3900000.0,104.27,37402.89632684377,10.771867432587204,106.69133503403684,1.2144600022457201,2.0,2.0,74.80m²
"176/5 Thạnh Lộc 19, P.Thạnh Lộc, Q.12, TP.HCM",4750000.0,100.42,47301.33439553874,10.765663542492284,106.68903114648529,1.9066557708442913,3.0,2.0,84.60m²
"8/34/1A Thạnh Xuân 38, P.Thạnh Xuân, Q.12, TP.HCM",5350000.0,95.02,56303.93601347085,10.788410728734538,106.71190304506258,1.7009051714945522,4.0,4.0,183.10m²
"9/70/26 Thạnh Xuân 24, P.Thới An, Q.12, TP.HCM",6900000.0,67.84,101709.90566037735,10.779517116950185,106.68718648987671,1.2954203217395894,4.0,5.0,166.40m²
"180/12 Thạnh Xuân 22, P.Thới An, Q.12, TP.HCM",7350000.0,86.26,85207.51217250174,10.764897550485927,106.71578768880197,2.4640868788097734,4.0,5.0,193.81m²
"728/5/1 Trần Hưng Đạo, P.2, Q.5, TP.HCM",4450000.0,266.46,16700.442843203484,10.822119866303936,106.72325844285494,5.3805472046211476,2.0,2.0,50m²
"1122/24C Quang Trung, P.8, Q.Gò Vấp, TP.HCM",14800000.0,164.81,89800.37619076512,10.838967016337348,106.66631535274821,7.460015764638519,4.0,4.0,337.90m²
"Đặng Lộ, P.07, Q.Tân Bình, TP.HCM",6350000.0,146.65,43300.37504261848,10.802345177819573,106.64669693175297,6.243512062140408,2.0,2.0,
"24C Tam Châu, P.Tam Bình, TP.Thủ Đức, TP.HCM",10230000.0,46.71,219010.91843288374,10.8582405072992,106.75580167247824,10.670334956192978,,,219m²
"44/24/2A Tăng Nhơn Phú, Phước Long B, Q.9, TP.HCM",7000000.0,71.72,97601.78471834914,10.785427362179302,106.71798085522721,2.1647364363629324,3.0,2.0,113.40m²
"312/1/14 Quang Trung, P.6, Q.Gò Vấp, TP.HCM",8790000.0,198.41,44302.202509954135,10.822230070031162,106.68239103364964,5.035197402288161,3.0,3.0,
"467/25 Lê Văn Khương, P.Tân Thới Hiệp, Q.12, TP.HCM",11500000.0,141.1,81502.48051027641,10.786843483393227,106.69195268622995,1.0992538512955827,4.0,4.0,98.10m²
"149/2/6 Nguyễn Văn Công, P.3, Q.Gò Vấp, TP.HCM",5950000.0,211.74,28100.500613960518,10.821718092039035,106.6736447919299,5.405558118912304,3.0,3.0,64.70m²
"318/56/9 Thống Nhất, P.16, Q.Gò Vấp, TP.HCM",4650000.0,143.07,32501.572656741457,10.827243116597684,106.66564062865314,6.394422636130245,3.0,2.0,83.40m²
"139/10/2 đường số 14, Phước Bình, Q.9, TP.HCM",7100000.0,95.3,74501.57397691501,10.730114434887268,106.66499636661919,6.63638681836375,3.0,2.0,128.90m²
"56/53 Tô Hiến Thành, P.15, Q.10, TP.HCM",5600000.0,109.37,51202.340678431014,10.780188592402812,106.70384064228905,0.5282379210508079,2.0,1.0,72.50m²
"MPN 37/38/5 Lâm Thị Hố, P.Tân Chánh Hiệp, Q.12, TP.HCM",5580000.0,99.82,55900.62111801242,10.7624788237463,106.68801956331112,2.2614438413699274,3.0,4.0,134.40m²
"46/37K Nhiêu Tứ, P.7, Q.Phú Nhuận, TP.HCM",6300000.0,277.53,22700.24862177062,10.809855777164296,106.69041818113153,3.4569310864488823,3.0,3.0,
"192/27/20/16 Thạnh Lộc 15, P.Thạnh Lộc, Q.12, TP.HCM",5590000.0,110.47,50601.97338643976,10.771883059589928,106.69861588479876,0.8752194989321724,4.0,4.0,
"280/12A Thống Nhất, P.16, Q.Gò Vấp, TP.HCM",5800000.0,161.11,36000.24827757433,10.826629422378915,106.67410524644208,5.854715951136659,4.0,3.0,96m²
"Bạch Đằng, P.14, Q.Bình Thạnh, TP.HCM",16000000.0,156.86,102001.78503123803,10.824852757556966,106.7085291310494,5.092225244246532,5.0,3.0,210.10m²
"254/49/1E Âu Cơ, P.9, Q.Tân Bình, TP.HCM",8600000.0,186.55,46100.24122219244,10.810179018614416,106.64901222232713,6.420445107513546,4.0,3.0,130m²
"208/26/72 đường số 5, P.Bình Hưng Hòa, Q.Bình Tân, TP.HCM",25000000.0,70.62,354007.3633531577,10.77517061366822,106.6172488498665,8.958632034982799,1.0,4.0,928.82m²
"91/17/14 Trần Tấn, P.Tân Sơn Nhì, Q.Tân Phú, TP.HCM",4900000.0,85.06,57606.395485539615,10.802873825958846,106.62320989054577,8.676154720967407,3.0,2.0,88m²
"290C/43/12/2 Dương Bá Trạc, P.Rạch Ông, Q.8, TP.HCM",3980000.0,125.15,31801.837794646424,10.743354506259054,106.67846267632805,4.61495559508777,4.0,3.0,
"124/18 Thạnh Lộc 19, P.An Phú Đông, Q.12, TP.HCM",6700000.0,121.15,55303.342963268675,10.761208698823252,106.68915331296637,2.321323256183265,4.0,5.0,
"136/54D Trần Quang Diệu, P.14, Q.3, TP.HCM",6900000.0,226.97,30400.493457285105,10.759817666914813,106.74781532119378,5.7749801905481455,4.0,4.0,127.80m²
"193/17/14 đường số 6, P.Bình Hưng Hoà B, Q.Bình Tân, TP.HCM",4050000.0,82.99,48801.060368719125,10.772455047489535,106.59356846966912,11.562486554222874,2.0,2.0,71.80m²
"55/13/2A đường 18B, P.Bình Hưng Hoà A, Q.Bình Tân, TP.HCM",4450000.0,109.06,40803.22758114799,10.75234516567144,106.59791228601631,11.468252948808386,2.0,2.0,116.20m²
"86/99/26 Âu Cơ, P.9, Q.Tân Bình, TP.HCM",7400000.0,176.19,42000.11351382031,10.798966688098451,106.64639449760416,6.134820331464678,4.0,4.0,128.40m²
"132/13/16/7/10 Mã Lò, P.Bình Trị Đông A, Q.Bình Tân, TP.HCM",2000000.0,132.45,15100.037750094376,10.775939474213423,106.61561362032423,9.132822595314737,2.0,2.0,31.80m²
"497/83/24 Thống Nhất, P.16, Q.Gò Vấp, TP.HCM",5580000.0,136.09,41002.27790432802,10.82973230614998,106.68305116790434,5.794528129495222,3.0,2.0,69m²
"11/25 đường số 1C, P.Bình Hưng Hoà A, Q.Bình Tân, TP.HCM",3950000.0,126.6,31200.631911532386,10.760786347596976,106.59105408192352,11.994775555403107,2.0,2.0,58m²
"201/3 Tạ Quang Bửu, P.Rạch Ông, Q.8, TP.HCM",5980000.0,101.52,58904.649330181244,10.824575634681027,106.72764200041682,5.859905485637256,3.0,1.0,
"86/99/28 Âu Cơ, P.9, Q.Tân Bình, TP.HCM",8300000.000000001,152.01,54601.670942701145,10.81604177869957,106.65657877646134,6.134731663467502,4.0,4.0,128.30m²
"62/70 Lý Chính Thắng, P.8, Q.3, TP.HCM",7100000.0,299.57,23700.637580532097,10.735187810459653,106.65499283290944,6.894370362377897,4.0,4.0,100.80m²
"745/136/14 Quang Trung, P.12, Q.Gò Vấp, TP.HCM",3930000.0,109.41,35919.93419248697,10.834573891519318,106.68647607447967,6.2138876431684,2.0,2.0,47.20m²
"9/70/13 Thạnh Xuân 24, P.Thới An, Q.12, TP.HCM",5700000.0,108.36,52602.43632336656,10.787835862224108,106.69504174488061,0.9915186590141977,3.0,4.0,105.50m²
"713/25/5/1 An Dương Vương, P.Bình Trị Đông, Q.Bình Tân, TP.HCM",5850000.0,141.3,41401.27388535032,10.766130039421387,106.61577376345788,9.22996720352648,3.0,2.0,97.90m²
"53/127/30/41 đường số 4, P.Bình Hưng Hoà B, Q.Bình Tân, TP.HCM",3950000.0,82.46,47902.01309725928,10.765482832187251,106.61693948408795,9.116374252050358,2.0,1.0,
"Đường Tây Lân, P.Bình Trị Đông A, Q.Bình Tân, TP.HCM",2600000.0,0.0,inf,10.754396284415446,106.59957531240804,11.234063156311842,2.0,1.0,72.90m²
"54/31 Duy Tân, P.8, Q.Tân Bình, TP.HCM",9500000.0,163.79,58001.09896819098,10.789241664990726,106.65126026620005,5.327867884403087,4.0,4.0,182.60m²
"618/72/6 Quang Trung, P.11, Q.Gò Vấp, TP.HCM",4099999.999999999,119.18,34401.74525927168,10.832031019252904,106.67313259672528,6.435651253088032,2.0,2.0,85.60m²
"546/42 Điện Biên Phủ, P.10, Q.10, TP.HCM",5100000.0,196.91,25900.15743232949,10.763427810475784,106.69280641301384,1.933044511561292,3.0,3.0,103.60m²
"115/2 đường C18, P.12, Q.Tân Bình, TP.HCM",23500000.0,214.8,109404.09683426442,10.804705786673015,106.66051202013615,5.034045488390961,6.0,3.0,256.50m²
"350/7/34 Chiến Lược, P.Bình Trị Đông, Q.Bình Tân, TP.HCM",6600000.0,148.64,44402.583423035525,10.760058767757977,106.5988374598706,11.173111741089429,4.0,4.0,132m²
"91/26/20 Trần Tấn, P.Tân Sơn Nhì, Q.Tân Phú, TP.HCM",8199999.999999999,153.27,53500.35884387029,10.789584385480001,106.6274501923976,7.902874524253982,4.0,4.0,165.40m²
"490/9 Hà Huy Giáp, P.Thạnh Lộc, Q.12, TP.HCM",4250000.0,50.41,84308.66891489785,10.78292229952144,106.69544189036938,0.5236895532553154,2.0,1.0,65.90m²
"88/69/6/10 Nguyễn Văn Quỳ, P.Phú Thuận, Q.7, TP.HCM",7200000.0,109.09,66000.55000458338,10.793226393838442,106.72942163593575,3.6413770369094425,4.0,5.0,193.50m²
"17 Nguyễn Triệu Luật, P.Tân Tạo, Q.Bình Tân, TP.HCM",11000000.0,76.92,143005.72022880914,10.761008623086134,106.6109740070871,9.851982990390669,4.0,4.0,333.70m²
"3/89 Hà Huy Giáp, P.Thạnh Lộc, Q.12, TP.HCM",5250000.0,61.54,85310.36724081897,10.760622073524374,106.70363741420536,2.1787968254141434,2.0,2.0,93.50m²
"140/95 Thạnh Xuân 25, P.Thạnh Xuân, Q.12, TP.HCM",6650000.0,114.65,58002.61665939817,10.771365075183363,106.71611100057454,2.087625396608891,4.0,5.0,234.30m²
"172A/4 Lạc Long Quân, P.10, Q.11, TP.HCM",4380000.0,201.84,21700.356718192626,10.776694701974783,106.69078708992554,0.9639395676667839,2.0,1.0,55.20m²
"88/18 Bùi Dương Lịch, P.Bình Hưng Hoà B, Q.Bình Tân, TP.HCM",2950000.0,69.08,42704.11117544876,10.759037445683903,106.59576324536322,11.525038178636667,2.0,1.0,60.30m²
"656/6 Quang Trung, P.11, Q.Gò Vấp, TP.HCM",50000000.0,251.63,198704.44700552398,10.81377158626343,106.6749393047724,4.590512416630129,75.0,75.0,
"76/10/7/14 Nguyễn Sơn, P.Phú Thọ Hòa, Q.Tân Phú, TP.HCM",4300000.0,85.31,50404.40745516352,10.79079810678074,106.6354264922185,7.061702551826615,2.0,2.0,71.30m²
"80/12/41 Dương Quảng Hàm, P.5, Q.Gò Vấp, TP.HCM",15000000.0,123.88,121084.92089118503,10.813630477319851,106.68678215895984,3.9760852523416337,5.0,5.0,
"62/8/2A đường số 6, Bình Trưng Tây, Q.2, TP.HCM",4500000.0,80.64,55803.57142857143,10.775116321479423,106.70986487202194,1.292834376618403,1.0,1.0,55.80m²
"180/6 Thạnh Xuân 22, P.Thạnh Xuân, Q.12, TP.HCM",7450000.0,90.08,82704.26287744228,10.787477322652455,106.69753947397474,0.8663056501531992,4.0,4.0,212.20m²
"469/6 Nguyễn Oanh, P.17, Q.Gò Vấp, TP.HCM",7200000.0,76.27,94401.46846728727,10.833696828930973,106.67722564181958,6.42234064427235,1.0,1.0,125.70m²
"407/8 Sư Vạn Hạnh, P.12, Q.10, TP.HCM",27000000.0,451.5,59800.664451827244,10.785078701026073,106.70191364536304,0.6651856164910589,4.0,3.0,236.10m²
"20/58/21 Thạnh Xuân 24, P.Thạnh Xuân, Q.12, TP.HCM",5300000.0,100.18,52904.77141145937,10.781804620258095,106.7156134152892,1.8276103302742723,4.0,3.0,116.40m²
"564/3H Phạm Văn Chiêu, P.16, Q.Gò Vấp, TP.HCM",6980000.0,149.46,46701.458584236585,10.814532912380464,106.68671626535179,4.072588933072026,3.0,3.0,
"Thiên Phước, P.9, Q.Tân Bình, TP.HCM",5600000.0,191.51,29241.29288287818,10.793522871283209,106.63869096931037,6.771491109586619,3.0,2.0,56.44m²
"389/8 Tỉnh Lộ 10, P.An Lạc A, Q.Bình Tân, TP.HCM",16000000.0,135.82,117802.97452510677,10.768071209301768,106.60189486545404,10.7021737469506,4.0,2.0,
"24/15/26 Trương Phước Phan, P.Bình Trị Đông, Q.Bình Tân, TP.HCM",2950000.0,140.47,21000.925464511995,10.755493675055224,106.6045243760653,10.679610156864092,2.0,2.0,32.80m²
"143/8/6 đường số 11, P.11, Q.Gò Vấp, TP.HCM",7000000.0,128.91,54301.450624466685,10.840574136896382,106.67862686960338,7.084543939144195,4.0,3.0,173.20m²
"1/20/4 Hiệp thành 33, P.Hiệp Thành, Q.12, TP.HCM",3590000.0,89.75,40000.0,10.77745314757125,106.70023771965299,0.2898866751998738,2.0,2.0,42m²
"417/69/52 Quang Trung, P.10, Q.Gò Vấp, TP.HCM",5400000.0,98.72,54700.1620745543,10.828660736061092,106.68290128559242,5.686690009414087,3.0,2.0,110.20m²
"442/119/49/17A Quốc Lộ 1A, P.An Phú Đông, Q.12, TP.HCM",4380000.0,84.23,52000.47489018164,10.771827512298794,106.71224948231877,1.6928505235223377,3.0,2.0,96m²
"Bình Giã, P.13, Q.Tân Bình, TP.HCM",17500000.0,231.78,75502.63180602295,10.802271696522979,106.64119311278438,6.796540892493796,3.0,4.0,211m²
"Trần Đình Xu, P.Cô Giang, Q.1, TP.HCM",7200000.0,161.79,44502.13239384387,10.776882278039894,106.70990936392143,1.2326296831197852,3.0,2.0,89m²
"Thửa 60 - Tờ 63, 30/11 Bến Than, Xã Tân Thạnh Đông, H.Củ Chi, TP.HCM",4200000.0,11.6,362068.9655172414,10.99946446084622,106.49756729980376,32.79609626564464,2.0,2.0,
"176/27/17/18 Thạnh Xuân 25, P.Thạnh Xuân, Q.12, TP.HCM",5680000.0,113.6,50000.0,10.788926681547407,106.71546708482245,2.0627362062753307,3.0,2.0,138.90m²
"480/2A Mã Lò, P.Bình Hưng Hoà A, Q.Bình Tân, TP.HCM",6380000.0,101.1,63105.83580613255,10.768777632037954,106.60034302712218,10.861620196140365,4.0,5.0,129.71m²
"713/29 Lê Đức Thọ, P.16, Q.Gò Vấp, TP.HCM",5980000.0,134.38,44500.66974252121,10.815748032789049,106.68042925765744,4.467827352138583,3.0,3.0,81.50m²
"123/3 Thạnh Lộc 40, P.An Phú Đông, Q.12, TP.HCM",7590000.0,118.77,63905.02652184895,10.763355538817256,106.70070442003868,1.8265390342537593,5.0,4.0,242.30m²
"F1/1S Ấp 6C, Xã Vĩnh Lộc A, H.Bình Chánh, TP.HCM",4200000.0,52.17,80506.03795284645,10.675252485302199,106.6036445499418,15.574211838209587,2.0,1.0,76.90m²
"MPN 104/10 Thạnh Xuân 22, P.Thạnh Xuân, Q.12, TP.HCM",5530000.0,106.34,52003.00921572315,10.78893476037324,106.69355918102234,1.1756029764094071,4.0,4.0,113.30m²
"123/45A Lê Lợi, P.3, Q.Gò Vấp, TP.HCM",6900000.0,60.0,115000.0,10.824194177217969,106.6843432502441,5.168088353678213,7.0,7.0,278.60m²
"114/8/19/2 Chiến Lược, P.Bình Trị Đông, Q.Bình Tân, TP.HCM",4500000.0,181.45,24800.220446403968,10.75973618582889,106.59624705685783,11.457964964853657,3.0,3.0,81.60m²
"98/20/10 Lâm Thị Hố, P.Tân Chánh Hiệp, Q.12, TP.HCM",4820000.0,78.5,61401.27388535032,10.764394074399029,106.71053489709763,2.1171108714977955,2.0,2.0,90.90m²
"801/1/7 Hà Huy Giáp, P.Thạnh Xuân, Q.12, TP.HCM",5280000.0,75.86,69601.89823358819,10.784736677190757,106.71540077506911,1.8725365212265999,4.0,5.0,152.70m²
"320/17 Trường Chinh, P.13, Q.Tân Bình, TP.HCM",6500000.0,107.97,60201.90793739002,10.795825689367419,106.65656822929184,4.971047555421416,2.0,1.0,97.40m²
"763/5/18/9 Trường Chinh, P.Tây Thạnh, Q.Tân Phú, TP.HCM",4800000.0,107.86,44502.13239384387,10.788220265513417,106.63628548324085,6.925065615671965,3.0,2.0,110.10m²
"Nguyễn Thị Căn, P.Tân Thới Hiệp, Q.12, TP.HCM",3060000.0,107.36,28502.235469448584,10.769373014951777,106.69144328730953,1.4193487064074213,3.0,2.0,57m²
"94/15 Thạnh Lộc 16, P.Thạnh Lộc, Q.12, TP.HCM",4850000.0,103.85,46701.97400096293,10.781879939087965,106.68752191711006,1.279549499028791,4.0,3.0,135.20m²
"8/4 Thạnh Xuân 13, P.Thới An, Q.12, TP.HCM",7500000.0,120.38,62302.708091045024,10.778273867926037,106.70059701988225,0.23955438718136668,4.0,4.0,188.40m²
"231/11 Nguyễn Duy Dương, P.4, Q.10, TP.HCM",4580000.0,216.03,21200.75915382123,10.764348757800601,106.69988239313814,1.7100053400203388,2.0,3.0,42.40m²
"915/3 Luỹ Bán Bích, P.Tân Thành, Q.Tân Phú, TP.HCM",11000000.0,113.16,97207.49381406858,10.790726734587741,106.61398277316077,9.379462401823949,2.0,2.0,88.60m²
"140/9 Phạm Văn Chiêu, P.9, Q.Gò Vấp, TP.HCM",6400000.0,189.91,33700.17376652099,10.820365075317115,106.6649052431523,5.8372803248345315,4.0,4.0,146.30m²
"116/1 Thạnh Lộc 29, P.Thạnh Lộc, Q.12, TP.HCM",6360000.0,126.6,50236.96682464455,10.770028999894233,106.69048436290193,1.4274720691304934,3.0,4.0,
"443/6C Chiến Lược, P.Tân Tạo, Q.Bình Tân, TP.HCM",5700000.0,77.34,73700.54305663305,10.766586233080018,106.61579253553897,9.219810020904713,3.0,2.0,112.20m²
"736/137/1 Lê Đức Thọ, P.15, Q.Gò Vấp, TP.HCM",6950000.0,155.48,44700.28299459738,10.838302858089122,106.68179897806286,6.741495741869048,3.0,3.0,141.40m²
"336/43C Nguyễn Văn Luông, P.12, Q.6, TP.HCM",5300000.0,95.84,55300.50083472454,10.798319681292895,106.65142375060394,5.595348693940837,2.0,2.0,118.70m²
"129/47/18 Bùi Văn Ngữ, P.Hiệp Thành, Q.12, TP.HCM",2850000.0,112.64,25301.846590909092,10.777235782954397,106.6889113712048,1.1418046657826955,2.0,2.0,50.60m²
"539/17A Cách Mạng Tháng 8, P.15, Q.10, TP.HCM",6000000.0,110.49,54303.556882975834,10.783650902173704,106.70988453745287,1.2620046902839392,1.0,1.0,54.30m²
"76/22/14 Lê Lợi, P.3, Q.Gò Vấp, TP.HCM",15800000.0,188.09,84002.33930565155,10.817944436962929,106.68631617733814,4.443976474990974,20.0,20.0,369.30m²
"75/9/2 và 75/9/6 Trần Văn Đang, P.9, Q.3, TP.HCM",8500000.0,227.88,37300.333508864314,10.801713665599689,106.66194540694009,4.72552597152752,9.0,9.0,155.90m²
"400/96 An Dương Vương, P.16, Q.8, TP.HCM",6500000.0,154.76,42000.51692943913,10.759147402658414,106.67025142462256,3.88804182839138,4.0,3.0,112m²
"tỉnh 743, Tân Đông Hiệp, Dĩ An, TP.HCM",8500000.0,29.82,285043.5949027498,10.815801809084567,106.702037020627,3.9975039870825406,10.0,6.0,285m²
"198/10E Hồ Học Lãm, P.An Lạc, Q.Bình Tân, TP.HCM",3900000.0,107.43,36302.70874057525,10.770680729003601,106.59139023556071,11.815285708159871,2.0,2.0,60m²
"26/33 Huỳnh Đình Hai, P.24, Q.Bình Thạnh, TP.HCM",13500000.0,261.62,51601.55951379864,10.805171035070547,106.70142026245159,2.8201926354997937,3.0,4.0,196.20m²
"290/40/41/1 Hiep Thành 17, P.Hiệp Thành, Q.12, TP.HCM",2050000.0,123.49,16600.534456231275,10.780228515101369,106.702437611142,0.37611486340568745,2.0,2.0,
"1358/4 Quang Trung, P.14, Q.Gò Vấp, TP.HCM",15500000.0,126.11,122908.57188169059,10.814591020781744,106.68687511065478,4.07295394476518,4.0,4.0,296.10m²
"Lê Quang Định, P.1, Q.Gò Vấp, TP.HCM",6950000.0,143.89,48300.78532212107,10.841216624591265,106.67776543526516,7.181973792795444,2.0,2.0,85.20m²
"872/56/11A Quang Trung, P.8, Q.Gò Vấp, TP.HCM",6800000.0,83.53,81407.87740931402,10.822601634126542,106.67197701678025,5.584090577973327,5.0,5.0,
"15/40/51 đường số 59, P.14, Q.Gò Vấp, TP.HCM",3950000.0,182.02,21700.91198769366,10.835551428703978,106.68835609756145,6.277940580768482,2.0,2.0,43.40m²
"818/55/4 Nguyễn Kiệm, P.3, Q.Gò Vấp, TP.HCM",1950000.0,148.85,13100.436681222707,10.821762219014818,106.67473436286704,5.349581915898579,1.0,1.0,26.20m²
"257/80/60D ấp 2, Xã Đông Thạnh, H.Hóc Môn, TP.HCM",3700000.0,72.54,51006.34132892197,10.884007416634779,106.60103804120845,15.739047102414016,2.0,2.0,101.20m²
"189/12/24 Đình Phong Phú, Tăng Nhơn Phú B, Q.9, TP.HCM",8600000.0,131.49,65404.21324815575,10.75826701346706,106.71974781112965,3.286442005434078,4.0,5.0,183.90m²
"189/12/22 Đình Phong Phú, Tăng Nhơn Phú B, Q.9, TP.HCM",8600000.0,130.89,65704.02628161052,10.763004284558237,106.65694632201864,4.962707209502727,4.0,5.0,182.80m²
"479/19 Nguyễn Bình, Xã Phú Xuân, H.Nhà Bè, TP.HCM",5100000.0,54.54,93509.3509350935,10.701965040603993,106.72159204854181,8.954732809661538,2.0,1.0,68.30m²
"45/23/3 Hàn Hải Nguyên, P.16, Q.11, TP.HCM",4700000.0,147.33,31901.17423471119,10.77774768832479,106.70622571615012,0.8188226160797164,3.0,3.0,74.20m²
"373/15A Trần Xuân Soạn, P.Tân Hưng, Q.7, TP.HCM",3550000.0,129.56,27400.432232170424,10.774927049608303,106.66812714371211,3.4220409253569857,2.0,2.0,34.90m²
"128A/28 Nguyễn Chí Thanh, P.2, Q.10, TP.HCM",3380000.0,195.37,17300.506730818448,10.772363669371442,106.70717760459715,1.2117404327664223,2.0,3.0,51.90m²
"213/2/8 Quang Trung, P.10, Q.Gò Vấp, TP.HCM",6600000.0,127.65,51703.87779083431,10.8186698884476,106.6708401037682,5.291779797276942,2.0,2.0,95.08m²
"353/4/2 Quang Trung, P.10, Q.Gò Vấp, TP.HCM",6370000.0,143.99,44239.18327661643,10.827940423868487,106.68717184066942,5.48216292193912,3.0,3.0,75.20m²
"395/30 Lê Quang Định, P.7, Q.Bình Thạnh, TP.HCM",1750000.0,324.07,5400.067886567717,10.81049494730806,106.71184438499589,3.674734949922117,2.0,2.0,
"687/71 Quốc Lộ 1, P.Bình Hưng Hòa, Q.Bình Tân, TP.HCM",8500000.0,153.7,55302.53741054002,10.767325931383928,106.59108707511744,11.885679635500587,4.0,4.0,
"2B/1/36 Bạch Đằng, P.2, Q.Tân Bình, TP.HCM",27500000.0,252.52,108902.26516711547,10.786911988637423,106.63949304337967,6.558685729922336,3.0,3.0,172.50m²
"71/45 Thạnh Lộc 08, P.Thạnh Xuân, Q.12, TP.HCM",4099999.999999999,51.25,79999.99999999999,10.777603792031783,106.6934687045016,0.654131580407362,2.0,1.0,68m²
"408/44 Bình Thành, P.Bình Hưng Hoà B, Q.Bình Tân, TP.HCM",4800000.0,59.33,80903.42154053599,10.77764029636861,106.61304785148215,9.406491468799407,2.0,1.0,74.20m²
"An Dương Vương, P.An Lạc, Q.Bình Tân, TP.HCM",6500000.0,108.33,60001.846210652635,10.761260084521341,106.61292133019747,9.637936941221668,2.0,2.0,91m²
"84/2A Ấp Chiến Lược, P.Bình Hưng Hoà A, Q.Bình Tân, TP.HCM",11000000.0,94.74,116107.2408697488,10.779998004399602,106.61831076798595,8.827900537721534,1.0,1.0,77.40m²
"48/5 Nguyễn Hiến Lê, P.13, Q.Tân Bình, TP.HCM",19000000.0,180.95,105001.38159712628,10.812961742479105,106.64200167896782,7.236113683757281,5.0,5.0,254.60m²
"453/16 An Phú Đông 35, P.An Phú Đông, Q.12, TP.HCM",7200000.0,87.48,82304.52674897118,10.7690927726554,106.6953693492332,1.2485578874420544,4.0,4.0,165.10m²
"161/14 đường số 4, P.16, Q.Gò Vấp, TP.HCM",7990000.0,220.11,36300.031802280675,10.839323759681603,106.6654511014585,7.540236135679564,3.0,3.0,141.60m²
"551/110/5 Lê Văn Khương, P.Hiệp Thành, Q.12, TP.HCM",3290000.0,97.62,33702.11022331489,10.775208352743276,106.69752069733134,0.5324022885709201,2.0,1.0,54.20m²
"180/8 Thạnh Lộc 15, P.Thạnh Lộc, Q.12, TP.HCM",1650000.0,82.08,20102.33918128655,10.778164247417678,106.71631754890024,1.8994057850042187,1.0,1.0,43.20m²
"61/5 Thạnh Xuân 38, P.Thới An, Q.12, TP.HCM",7300000.0,123.51,59104.525949315845,10.764438733211268,106.70855700933453,1.9919002833605937,4.0,5.0,207m²
"161D/104A/18 Lạc Long Quân, P.3, Q.11, TP.HCM",10200000.0,227.17,44900.29493330986,10.775468668386656,106.71341732824786,1.6445710530292696,4.0,5.0,231.80m²
"8/19/21/16 Thạnh Xuân 40, P.Thạnh Xuân, Q.12, TP.HCM",4390000.0,66.51,66005.11201323109,10.781327849903539,106.70701056774934,0.8895580170292471,3.0,2.0,84m²
"đường số 2, P.3, Q.Gò Vấp, TP.HCM",2800000.0,264.15,10600.037857278063,10.824999644840577,106.66687043105418,6.113990793793424,2.0,1.0,21.20m²
"Cách Mạng Tháng Tám, P.12, Q.10, TP.HCM",4250000.0,91.59,46402.445681843,10.782019865242392,106.69218085521193,0.788602705830858,2.0,2.0,
"55/3 ( Thửa 524 - tờ 14) ấp Lào Táo, Xã Trung Lập Hạ, H.Củ Chi, TP.HCM",1200000.0,11.18,107334.52593917711,11.000263277365583,106.50353404779489,32.427992799361654,3.0,1.0,
"486/24 Phan Xích Long, P.4, Q.Phú Nhuận, TP.HCM",15860000.0,291.54,54400.76833367634,10.795519215783342,106.67190205560476,3.4394658759848644,5.0,5.0,163.60m²
"417/49/47 Quang Trung, P.10, Q.Gò Vấp, TP.HCM",4350000.0,94.56,46002.53807106599,10.837118288211402,106.69002981736331,6.417713909047354,2.0,1.0,92m²
"439/6 Nguyễn Văn Khối, P.8, Q.Gò Vấp, TP.HCM",9000000.0,155.7,57803.46820809249,10.824816993341532,106.66604770937242,6.149806834456402,3.0,2.0,111.40m²
"237/71/7/9 Lê Văn Khương, P.Hiệp Thành, Q.12, TP.HCM",3650000.0,98.91,36902.23435446365,10.77693814010206,106.71380926352754,1.6469873351705075,3.0,2.0,73.80m²
"163/29/30 Tô Hiến Thành, P.13, Q.10, TP.HCM",2780000.0,226.01,12300.340692889695,10.790568910798076,106.7113521286011,1.7998737015661246,2.0,1.0,24.60m²
"386/14 Quang Trung, P.10, Q.Gò Vấp, TP.HCM",7900000.0,171.36,46101.77404295051,10.821208323810506,106.6689766416058,5.638710455965663,5.0,5.0,164m²
"331/51/62 Phan Huy Ích, P.14, Q.Gò Vấp, TP.HCM",3980000.0,149.62,26600.721828632533,10.821735360987784,106.68737384681273,4.812113038900166,2.0,2.0,50.20m²
"591/8/2 Bình Thới, P.10, Q.11, TP.HCM",11500000.0,205.35,56001.94789383979,10.789142148506468,106.69467209749706,1.1393946597054008,10.0,10.0,176.50m²
"480/62/8 Nguyễn Tri Phương, P.9, Q.10, TP.HCM",4250000.0,168.65,25200.118588793357,10.784545149573756,106.70105559150025,0.5713256683654266,4.0,2.0,69m²
"356/12 Gò Dầu, P.Tân Quý, Q.Tân Phú, TP.HCM",7800000.0,92.85,84006.4620355412,10.792766912536827,106.62181261668643,8.565920452874524,4.0,6.0,295.20m²
"352/42 Gò Dầu, P.Tân Sơn Nhì, Q.Tân Phú, TP.HCM",6250000.0,112.2,55704.09982174688,10.79831430186342,106.63451590002111,7.347010104647147,3.0,2.0,80.20m²
"125/227/6G Nguyễn Thị Tần, P.Rạch Ông, Q.8, TP.HCM",5780000.0,155.37,37201.51895475317,10.731080454325845,106.70310524984954,5.405779983361832,4.0,3.0,
"181b/37 Âu Dương Lân, P.Rạch Ông, Q.8, TP.HCM",5800000.0,136.79,42400.76028949485,10.75480395812715,106.72075420995174,3.64444589642044,2.0,2.0,
"231/108 Lưu Hữu Phước, P.15, Q.8, TP.HCM",2470000.0,83.16,29701.779701779702,10.816607613381985,106.65329851513295,6.449823055078601,2.0,2.0,
"20K Đường Nguyễn Duy, P.14, Q.8, TP.HCM",4980000.0,73.34,67902.91791655304,10.788463683388683,106.68761194616673,1.5749242484294013,4.0,3.0,100.20m²
"44/26 Sư Vạn Hạnh, P.9, Q.5, TP.HCM",3750000.0,192.3,19500.780031201248,10.783520414988748,106.72896434519936,3.300023365297267,2.0,3.0,27.80m²
"9/21/19/10 Thạnh Xuân 24, P.Thạnh Xuân, Q.12, TP.HCM",5700000.0,113.77,50101.08112859278,10.767081651904261,106.71326900259614,2.097712641569025,4.0,4.0,213.30m²
"164/3/15 Bùi Quang Là, P.12, Q.Gò Vấp, TP.HCM",4950000.0,188.21,26300.40911747516,10.835271836337295,106.66952958962403,6.933703906058774,4.0,3.0,95.80m²
"240/23/8 Hiệp Thành 13, P.Hiệp Thành, Q.12, TP.HCM",5490000.0,93.84,58503.836317135545,10.776310278933607,106.69802820407129,0.399601427084314,4.0,3.0,174.20m²
"631/23 Lê Đức Thọ, P.16, Q.Gò Vấp, TP.HCM",10000000.0,98.03,102009.58890135672,10.83638093799975,106.67827062824524,6.659107832624996,1.0,1.0,91m²
"154/54/23 Âu Dương Lân, P.Rạch Ông, Q.8, TP.HCM",5780000.0,226.66,25500.750022059474,10.797437345560263,106.65854332352649,4.839025319744097,3.0,4.0,93.40m²
"2/29 Cao Thắng, P.5, Q.3, TP.HCM",76000000.0,329.48,230666.5047954352,10.77011557816403,106.67420990244028,2.917471921622405,1.0,1.0,
"99/13 đường số 2, P.16, Q.Gò Vấp, TP.HCM",4300000.0,124.27,34602.07612456747,10.831118445509874,106.66366869257372,6.869789813918598,2.0,2.0,69.10m²
"58/10 đường số 14, P.Bình Hưng Hoà A, Q.Bình Tân, TP.HCM",3750000.0,130.2,28801.843317972354,10.754241279617691,106.59249534478033,11.989426274920264,2.0,2.0,57.60m²
"114/1 Huỳnh Tấn Phát, Xã Phú Xuân, H.Nhà Bè, TP.HCM",6100000.0,55.55,109810.98109810981,10.688446130970677,106.73294224630072,10.762778697543613,2.0,1.0,50.50m²
"208/29 đường số 5, P.Bình Hưng Hòa, Q.Bình Tân, TP.HCM",8199999.999999999,152.7,53700.06548788474,10.752935884650299,106.60651401413253,10.54534248001886,5.0,4.0,206.20m²
"331/18/4 Trần Thị Năm, P.Trung Mỹ Tây, Q.12, TP.HCM",7500000.0,129.31,58000.154667079114,10.7663630219843,106.71175198752407,2.034895220305072,6.0,5.0,234.50m²
"52/15/14 Nguyễn Sỹ Sách, P.15, Q.Tân Bình, TP.HCM",6000000.0,89.75,66852.36768802228,10.81012717471514,106.64672456427236,6.631976983511986,2.0,1.0,41.97m²
"560/6 Trường Chinh, P.13, Q.Tân Bình, TP.HCM",10500000.0,153.95,68203.96232543034,10.809282276473201,106.64397056325616,6.848423217717038,1.0,1.0,76.90m²
"184/20/14/1 Bùi Văn Ngữ, P.Hiệp Thành, Q.12, TP.HCM",3680000.0,98.39,37402.17501778636,10.777387113156582,106.69994567452173,0.2835914263892251,2.0,2.0,74.80m²
"28/9 Âu Dương Lân, P.Rạch Ông, Q.8, TP.HCM",6700000.0,136.45,49102.235251007696,10.808632998435035,106.67777169219279,3.947945382127033,2.0,2.0,62.50m²
"80/4/23 Tân Hòa Đông, P.14, Q.6, TP.HCM",9500000.0,61.29,155000.81579376734,10.801500441491484,106.70054358329485,2.407726588874526,2.0,2.0,222.20m²
"Nguyễn Văn Đậu, P.11, Q.Bình Thạnh, TP.HCM",5950000.0,140.99,42201.57457975743,10.822918726533967,106.69881130703853,4.7712219480201545,3.0,3.0,
"67/2/88 đường số 6, P.Bình Hưng Hòa, Q.Bình Tân, TP.HCM",7000000.0,132.57,52802.29312815871,10.779000610531138,106.60834040131802,9.91870234781345,2.0,2.0,166.40m²
"202/21 Trần Thị Hè, P.Tân Thới Hiệp, Q.12, TP.HCM",9900000.0,99.09,99909.17347865576,10.78164110065282,106.69139458056655,0.85972294172294,13.0,13.0,312.40m²
"384/71bis Lý Thái Tổ, P.10, Q.10, TP.HCM",15200000.0,144.76,105001.38159712628,10.762060891052137,106.70229565087406,1.992826147732238,2.0,2.0,142.07m²
"Thạnh Lộc 16, P.An Phú Đông, Q.12, TP.HCM",6600000.0,118.49,55700.903029791545,10.76797700768758,106.70641708996448,1.5359178167784417,4.0,5.0,219.90m²
"339/25A Lê Văn Sỹ, P.15, Q.Gò Vấp, TP.HCM",33000000.0,359.47,91801.81934514701,10.828685378224291,106.673172750439,6.103475768385862,8.0,9.0,437.20m²
"5/122/21A Nơ Trang Long, P.7, Q.Bình Thạnh, TP.HCM",3990000.0,212.23,18800.358102059086,10.799903738681081,106.70466750125439,2.3092832748822323,2.0,2.0,35.80m²
"25/4B Cửu Long, P.2, Q.Tân Bình, TP.HCM",18900000.0,287.23,65800.92608710789,10.792119258091097,106.63916278951179,6.687839409383484,8.0,8.0,300m²
"32/21 Đất Thánh, P.06, Q.Tân Bình, TP.HCM",7300000.0,228.12,32000.70138523584,10.815728193542581,106.66502503718326,5.443804076399108,2.0,2.0,32m²
"994A/77 Huỳnh Tấn Phát, P.Tân Phú, Q.7, TP.HCM",3650000.0,86.9,42002.30149597238,10.79662227988142,106.61351404349466,9.535860771830109,2.0,1.0,
"282/38/9 Bùi Hữu Nghĩa, P.2, Q.Bình Thạnh, TP.HCM",1870000.0,176.41,10600.306105096082,10.798953632908846,106.70253952284918,2.154801956568051,1.0,1.0,7.10m²
"840/18/1B Hương Lộ 2, P.Bình Trị Đông A, Q.Bình Tân, TP.HCM",6680000.0,128.46,52000.62276194924,10.765244936177163,106.61874773294929,8.926378929683628,4.0,3.0,161.18m²
"332/86 Phan Văn Trị, P.11, Q.Bình Thạnh, TP.HCM",5000000.0,180.5,27700.831024930747,10.819110138688556,106.711113996374,4.546257265772735,2.0,1.0,41.30m²
"163/25/12 Tô Hiến Thành, P.13, Q.10, TP.HCM",12200000.0,211.07,57800.72961576728,10.774428257668502,106.71247816513244,1.5858793430652747,8.0,8.0,226.10m²
"2/173A Tân Lập, Xã Tân Thới Nhì, H.Hóc Môn, TP.HCM",9500000.0,52.8,179924.24242424243,10.885376179851415,106.59980504650068,15.941719889256293,3.0,2.0,110.50m²
"35/15 Nghĩa Phát, P.6, Q.Tân Bình, TP.HCM",6700000.0,132.93,50402.467464078836,10.799210185061677,106.66747035803651,4.065486181467591,2.0,2.0,78.20m²
"26/4 Nguyễn Thị Căn, P.Tân Thới Hiệp, Q.12, TP.HCM",3480000.0,111.53,31202.367076123017,10.789260135801623,106.7103141059234,1.6192596715216403,2.0,2.0,62.30m²
"383/38 Quang Trung, P.10, Q.Gò Vấp, TP.HCM",10400000.0,142.66,72900.60283190804,10.833597524310255,106.68008171105967,6.302677994359506,2.0,1.0,72.90m²
"Đặng Minh Trứ, P.10, Q.Tân Bình, TP.HCM",4200000.0,121.38,34602.07612456747,10.810804183028846,106.64690727884468,6.653054148703967,1.0,1.0,45.60m²
"126/15 đường số 28, P.6, Q.Gò Vấp, TP.HCM",6900000.0,107.81,64001.48409238475,10.815028446834425,106.67351303203473,4.794115753262442,3.0,3.0,
"95/44 Đinh Tiên Hoàng, P.1, Q.Bình Thạnh, TP.HCM",9500000.0,265.36,35800.422068133856,10.797281055339381,106.7228650818619,3.246764311894964,2.0,2.0,55.50m²
"12/12B hoàng diệu, P.10, Q.Phú Nhuận, TP.HCM",4800000.0,133.33,36000.90002250056,10.788804895837439,106.67375239409347,2.938841252904089,2.0,3.0,36m²
"507/13 Chiến Lược, P.Tân Tạo, Q.Bình Tân, TP.HCM",3150000.0,97.22,32400.740588356304,10.767212768902391,106.58974535909451,12.032887969786684,2.0,2.0,64.80m²
"86/25 Âu Cơ, P.9, Q.Tân Bình, TP.HCM",9900000.0,155.9,63502.24502886466,10.796124112496502,106.63933179127788,6.774212871505732,3.0,3.0,137.60m²
"672/5/18 Thống Nhất, P.16, Q.Gò Vấp, TP.HCM",6680000.0,176.25,37900.70921985816,10.830042232802862,106.68113529730464,5.893434623149689,4.0,4.0,119.70m²
"7/12 Chấn Hưng, P.6, Q.Tân Bình, TP.HCM",7500000.0,154.95,48402.7105517909,10.8121477853145,106.64999505928404,6.447428852369187,4.0,5.0,
"745/111 Quang Trung, P.12, Q.Gò Vấp, TP.HCM",15500000.0,155.0,100000.0,10.820999541741388,106.68309945050423,4.880342791617431,5.0,5.0,234.50m²
"232/7G Nguyễn văn Luông, P.11, Q.6, TP.HCM",5300000.0,117.51,45102.54446430091,10.748544463095547,106.64988231096379,6.390180655100318,4.0,4.0,116.40m²
"913/15 Hà Huy Giáp, P.Thạnh Xuân, Q.12, TP.HCM",4350000.0,64.63,67306.20454897107,10.775599283216888,106.6870479660091,1.3896377894222423,2.0,2.0,80.40m²
"616/22 Lê Đức Thọ, P.15, Q.Gò Vấp, TP.HCM",21000000.0,157.77,133105.15307092603,10.836613669608692,106.67827757193747,6.683056815235188,23.0,23.0,688.70m²
"208/4 Thạnh Lộc 27, P.An Phú Đông, Q.12, TP.HCM",6900000.0,111.83,61700.79585084503,10.78513080971009,106.69585246803473,0.6857635100208688,6.0,5.0,218.20m²
"79/9/15 Thới An 20, P.Thới An, Q.12, TP.HCM",6900000.0,121.26,56902.52350321622,10.767564393904543,106.69144344745543,1.5859889267127387,4.0,4.0,198.10m²
"59/2 Hoa Sữa, P.7, Q.Phú Nhuận, TP.HCM",7970000.0,355.8,22400.224845418776,10.802894423957845,106.66758519711888,4.284724474325134,3.0,4.0,76.50m²
"28/43 + 28H/9 Dương Bá Trạc, P.Rạch Ông, Q.8, TP.HCM",16900000.0,138.52,122004.04273751083,10.824322048808028,106.69635359368478,4.935063605356571,20.0,20.0,
"92/6 Nguyễn Sơn, P.Phú Thọ Hòa, Q.Tân Phú, TP.HCM",12700000.0,140.48,90404.32801822324,10.787468936385125,106.6335826872491,7.207812135479193,13.0,13.0,263.20m²
"8/26 đường số 16, P.Bình Hưng Hòa, Q.Bình Tân, TP.HCM",6000000.0,80.0,75000.0,10.757230958885117,106.6068117614272,10.38983368571587,1.0,1.0,75m²
"554/17/4 Nguyễn Bình, Xã Phú Xuân, H.Nhà Bè, TP.HCM",1590000.0,9.81,162079.5107033639,10.69458404382274,106.74474875862411,10.669049547779723,3.0,2.0,210.20m²
"28/4 đường số 15, P.Bình Hưng Hòa, Q.Bình Tân, TP.HCM",4450000.0,111.25,40000.0,10.763481686285417,106.61430558063705,9.4400122931655,1.0,1.0,40m²
"Đường Trần Thị Do, P.Hiệp Thành, Q.12, TP.HCM",2950000.0,110.07,26801.126555828112,10.761869050696692,106.68870784995985,2.2806377904392146,4.0,3.0,
"205/48/41T ấp 5, Xã Đông Thạnh, H.Hóc Môn, TP.HCM",4200000.0,68.85,61002.17864923748,10.871822087506189,106.58062330037778,16.47077015542104,1.0,1.0,53.20m²
"362/62A Phan Huy Ích, P.12, Q.Gò Vấp, TP.HCM",7960000.0,123.34,64537.05205124047,10.813991008639979,106.68743874361591,3.9902719727504747,4.0,5.0,169.30m²
"280/126/9 Bùi Hữu Nghĩa, P.2, Q.Bình Thạnh, TP.HCM",6200000.0,144.85,42802.89955125993,10.820577305034227,106.69888285863499,4.512198355685322,2.0,2.0,86m²
"26/6/13 đường số 13A, P.Bình Hưng Hòa, Q.Bình Tân, TP.HCM",3500000.0,79.54,44003.017349761125,10.7797718668851,106.60501509235115,10.281992315780741,2.0,2.0,44m²
"129/2 Lê Thiệt, P.Phú Thọ Hòa, Q.Tân Phú, TP.HCM",3800000.0,137.23,27690.738176783503,10.791398989698921,106.62833401376456,7.837505200107947,3.0,2.0,55.38m²
"84/42A Bùi Quang Là, P.12, Q.Gò Vấp, TP.HCM",4250000.0,156.78,27108.049496109197,10.816722159746655,106.6674858317085,5.34717174111327,2.0,2.0,40.60m²
"Đường Tỉnh Lộ 10, P.Tân Tạo, Q.Bình Tân, TP.HCM",2670000.0,101.44,26320.977917981072,10.751988202969287,106.60180023513738,11.069661125849596,2.0,2.0,47.20m²
"1/14 Đường Nguyễn Hữu Tiến, P.Tây Thạnh, Q.Tân Phú, TP.HCM",5200000.0,96.47,53902.76769980305,10.79096448348814,106.62022261156014,8.70688033535512,3.0,2.0,
"763/5/4/29 Trường Chinh, P.Tây Thạnh, Q.Tân Phú, TP.HCM",5800000.0,96.82,59904.97831026648,10.785810481791945,106.62603937443973,8.010307634391483,3.0,3.0,103.40m²
"Đường Phan Văn Hân, P.17, Q.Bình Thạnh, TP.HCM",9960000.0,162.21,61401.88644349916,10.807243727491624,106.70567097368333,3.1229756394359036,8.0,8.0,159.10m²
"20/50/16 Thạnh Xuân 24, khu phố 7, P.Thạnh Xuân, Q.12, TP.HCM",5450000.0,103.8,52504.81695568401,10.782457210057558,106.7128558988266,1.5409360855967156,3.0,4.0,127.90m²
